customer_id,customer_unique_id,customer_zip_code_prefix,customer_city,customer_state
0004164d20a9e969af783496f3408652,104bdb7e6a6cdceaa88c3ea5fa6b2b93,13272,valinhos,SP
00302a0b99783c3d1d1e81c616e321e8,1b9872e035e88fc720548cc74a815a46,22210,rio de janeiro,RJ
009556b29007b7233895402fac956591,9fc40e07c540ae6cb1cc7cf10019ab3b,25651,petropolis,RJ
00bae1a0d3566c3af0c3c67fd2204935,66d201c13937598dd4e036788a10a203,38465,arapora,MG
00efae0d386ce3132b63e35b3aa79ec6,28f000c72e013f25af51a91469b4665c,20730,rio de janeiro,RJ
0107d0717619fc7e17ba5fdd7c9aad36,9224cb2cd931f94531d064137e8a25c6,97502,uruguaiana,RS
0176ec1982f9f3aa628de3a506191769,cb97135458c20106bf438738fcc09f08,20241,rio de janeiro,RJ
01c843a2c0600def0b7693dba47af460,f3d176999f9c1273045f770712608944,8810,mogi das cruzes,SP
01e466f5fd2937b4ea4a18eb9963f9ea,7a59e6b746e01c279424d73675d3fe8b,14500,ituverava,SP
01edba0c1380aa0c91437bee4b7193a5,321606e7fd388f26b3a6ab005fa494f8,14403,franca,SP
01f1b8e88d206e16909ed8c49f480e9c,97b656952c141330986da2cdc4d55b7d,86900,jandaia do sul,PR
021ed85d23b734289c4dd0c827a3559e,2d6e75f5a4a33d3a936f1ea68ac9bf01,59090,natal,RN
02292531f73bf941ef5b09341e195e37,f301770fef415a61a88855ab733174e5,70675,brasilia,DF
02470f4de93d257745873d383dbca7b0,bc96df765d670233381b6a7714dd843e,89203,joinville,SC
025a13782125f9ee98dd321dc97e23ee,dee58c6a92fc6faac93d98a786f683e7,7750,cajamar,SP
027021c1f6351f20d4e78a9dc829459d,e86c0a922a824087343f6b62fe97f673,36130,rio preto,MG
0273345e320539cc7bf1f6469b2fa34d,32abc7be8597ca79733508abb1db86c9,15046,sao jose do rio preto,SP
027add44cacfb209b0018c5aefbbcf02,d8b54eedf839e36b673eab3cc82d2598,13835,conchal,SP
028605cdb42f4bb9653d81ce3116f2ae,b2e75c0edc785fd8cb4c5b264fc7793c,9784,sao bernardo do campo,SP
029a95a46e81be7eb7b4f875e160528d,2dfa6bc8c7ffb458e399e69233352dbc,11705,praia grande,SP
02f8e44a560ff53db97e57913234593b,c7e928c4346d37e393237d9f91139f24,79500,paranaiba,MS
03058eb4c0764d7c06ca841cd71ba6f1,d2931dde96daf36474fb9258d8db337a,18077,sorocaba,SP
031c797ef7f555f09fdd23dc122cda8f,b0fa47b10368121c5f57a03a64414c0f,14021,ribeirao preto,SP
0345751ae47b77dda48d7a9f6e5f5946,a00fa52ddea707d5e192b7f87852add8,11025,santos,SP
03ffaf40c1fc47ccdf91dfd08f8ed901,a63693459bce14da8966dc3f34c96663,40279,salvador,BA
040e8bf7215dd067e3be59eebc2dd6b4,9fe2436fed5311e54beaf61ff1fbcf12,58865,sao bento,PB
0413010c14c0551c7377780fef01eaf5,9c53595ba7cabbb6c9617d23ed7ad8d2,66040,belem,PA
04211982f170cac46abffab95d63bc7f,99b84bb39f59a6cf395e3d7b2ab456ee,3034,sao paulo,SP
047294a4de92e622ab7aa66d6efc9efe,36ffbbdeade73b18025564d1404420b0,20531,rio de janeiro,RJ
04884745364ffe39a89379b80a2c2919,fc3b788d6e3bd622cf8f988af8e1c06a,13571,sao carlos,SP
04ee38c5668f2c41b881802106383533,534c8cc9fabcb34e123fc1b79e9a8526,21810,rio de janeiro,RJ
052d1a3293d2fc507f8ab9974eba70b4,02d5397846b20fd2b4a270a7fe1e223d,12227,sao jose dos campos,SP
0550df936e5ed017fc4cbb4d1ece4ea0,9df5b05f2f70be73b3450f67a22e007c,89249,itapoa,SC
05581163680574c7c5afadd7764fa22f,04d3c2795b83634312bf3f86f41f7901,29700,colatina,ES
05b5f7bd9f0d0c31b4f479f1d4fd1c00,ccded7fe60c9f6a682196c4941bf17ef,9550,sao caetano do sul,SP
05dd892bc3cdf380c532320e27148f33,98db3c67c1a371adf2798a5eb366584e,46430,guanambi,BA
05fe48df6ea41f403217b5cb88126ce0,7acf19ddc75a0935581845e1c89edb3c,12233,sao jose dos campos,SP
06db786002c0a85b36bdaca70b9fb4fe,04c504443b45059127d2246e15d8da61,88901,ararangua,SC
06e07d9f20157eac3086f8e27b8799bd,de10c6eddfb671ca75cdf673e3d3ab47,90200,porto alegre,RS
06ee09badc38b922a88d417e5134e3aa,342b3688cdd90937ef04134ad81f9cd8,23585,rio de janeiro,RJ
07193e2fc8e6b8a63e6c080a3cff4d89,ac1ce9b3fc0bbdc4d72c814871b23c35,36088,juiz de fora,MG
076523f7baf4359c0728c0bee2d8ccc1,b525fc8cce07342fb00ab3b2667c8eb9,35582,pains,MG
077ca1c409a011f74f74e99eea92103d,2ceeccacc57bff89e5fa6b5daade0399,29122,vila velha,ES
07e64b2722ddec4df9b603e96def8ede,b62b78d2b2557632f9fcaadd5d7c27b5,13510,santa gertrudes,SP
0826150e089ab7d5356b412e9f3bea76,88883a7c4771f68dc149354c6b66be00,88215,bombinhas,SC
08f33b15b6d92a5209ca1622585bcfb9,53128909669e34ecf8e52bae4ecc4fd3,14400,franca,SP
090194eecf789ed407c3179f81b74502,bfc145aeeae1106b9265e367b37fb84a,60844,fortaleza,CE
090714c98b63c1520d2e5150bf6c4f5c,9ed172a6d7193653699555d95b34ea91,27274,volta redonda,RJ
090d99c55a1c0f65175855a782df9537,d4e5ada242c876e58b2dbbcfaa80d977,4880,sao paulo,SP
099ad0974e8f18865f3c0aea78af8b56,0e8086b5bc29298fd8da659b9a7c52f7,84035,ponta grossa,PR
09a8b7bb892b1e1e1d6fe4ba1d727ce6,7201fa9cdaa4c04d2b26c2c0d6329726,18095,sorocaba,SP
09b469184e00373f074c799968de0aad,5efea094993d7cad5dcf720125dbf199,13301,itu,SP
09f891a12438a14831755819c1338f99,857a940719e0cf888b5059c31b9d14cc,92130,canoas,RS
0a8f58005f1c1dc229442a9ab38d9f68,9c0d53beec29a982a9fc6d09ee6e038f,91710,porto alegre,RS
0aa65c8a7017c2e258a2f342fc9de96c,73aa4aebe5b6c731a6d23825b699528a,21210,rio de janeiro,RJ
0b0da9c1d9e04738eb91f38cce9a0218,2da24bd85b344f81bf18ebb313ee0da0,85900,toledo,PR
0b6176d7c46eb2e5d839fbd9f6d1bce7,96a9a44255930061d8f6a93d4893d986,38740,patrocinio,MG
0bb22defe0dd478a90cff2c735610686,b3e368643782a907d9dee84bb01205c5,5089,sao paulo,SP
0c65732c3188ecbb459118b999d18813,22072f2e301feb7ec9bbe5c1d16ef561,1403,sao paulo,SP
0d0f6b38e873757a949a9c3624b21a93,5e0aa142dc4760e62a74c1830cbf91b1,29845,boa esperanca,ES
0d10db5d9ade6471a4a621bf1da107fd,7407306210b315546bffcba7d39ca5ad,85807,cascavel,PR
0d4ed3c9d48b373888a0eb3fc96b77d9,d61bab1f5fd1ea3304eab39da8b832c3,3962,sao paulo,SP
0d772db64a20cbf2f1bea1c6682b29d0,12d9b81697247da56cbe2421f1f6778c,1311,sao paulo,SP
0e0d18a70d896c2a08f19fd48891dc48,306ebd7ee37d61923dc568afbca56d0c,26115,belford roxo,RJ
0e1cf9332ab9b502f469458da2a5e7e9,59c8a5cd77084bf4691e712de2d68213,63220,caririacu,CE
0e481f23c930890042610bab117fe8af,494797a23d7e8768675ab24234fd3095,5686,sao paulo,SP
0e547cffbbc6b5b7c0fcf80f67f41773,0bda37300068898e6b332c52e645a5ab,12071,taubate,SP
0e72c3dc4b08b7685316c370742511e3,ba3288839f01ec6b54256f8f9ba210f9,47806,barreiras,BA
102d1e447c19b8c08aae5ba8fde0b4bc,010ab6653f042ebb8e430f1718f61147,6429,barueri,SP
104ac7ecfe1fa7f15b2a635338e104fc,e4bb330e4e0967e8cdd333d1e8b1df2f,6700,cotia,SP
10b70116f12d6f64f25e04e219a8036d,5ff35578cd099e98396341404ef288f2,89117,gaspar,SC
10ef6d1b16466b555d89b9de09feaf0a,f7a30ea847f0d8a578c1c73c889c4f88,92420,canoas,RS
10fa88a7b6a80c8361f3d4d83b6d384c,7ba4e1c44f34ce244666826c869e46f8,11050,santos,SP
1101e7a94a2ef9cec1c8cd51d826c486,db3a92fd262856b239bdbd6222700c13,13503,rio claro,SP
110cfcabde5f5070e596758fd20ad529,785e8f5ddf4d9d8f32a00a0f3c15ca04,88058,florianopolis,SC
11593c31e67cba57ac694b45f7728974,d7da0f34317690055136ea1ff8f73e8f,47600,bom jesus da lapa,BA
12560c8fc6ef4609768854c0dec45c80,ff5f29fbfd0a13f7e7ed9f7b92a32194,27700,vassouras,RJ
129b2029f5b71ab40725b4d202e2632b,27c352b0f2a42411d6d70df528058c28,14620,orlandia,SP
12d6279ed7cea96f67b94e2b600deee1,368301983b6d4c104b1a2d68513faaeb,85580,itapejara d'oeste,PR
12d6c8927ce18ddc37dc9e74ec9dec83,725ac83d391c3bb912446c52f2507295,1406,sao paulo,SP
138c289139c20975e732feabd97f3983,6fcc1fbcfb53492479620eced99b191c,79002,campo grande,MS
139d5ffd92108182976063d0d8aca45c,f5118eeb269b3a52b8b31bcde5b334c3,24141,niteroi,RJ
13a9b79f16ea8cba4df16a9d6142bd78,1f19b785d6301de4dfa52a5bad36392b,7150,guarulhos,SP
142fe4836c9bfdddbee1f3198dbf4337,05d3991ae07553007b20a9aad3eaa41c,83450,bocaiuva do sul,PR
1481bf8b377e7df4c341ab4292f28d4a,0dfe85fbaf2d493165d9cac46de07ead,24350,niteroi,RJ
14a98f88d2c17526cf1f6de47ebfca22,79ed6509631208c7ee25695012c91581,86084,londrina,PR
1543296f2174f93ccda002c8d0962ebd,8cecf15f8c5e54a01067d86434735227,26262,nova iguacu,RJ
156a795ddee88514dace920fe888c46e,6c5ce6b9d419df2b111d90a6e85a10d6,2993,sao paulo,SP
159c51bd752b13a29b404e47af4252a4,2a106f11b8ddd823f56fdca06f043dbd,68507,maraba,PA
15d24ce77080f76f2fd8a982dc9a2a70,6c457a118c0811c0b2caafd013a6db23,11534,cubatao,SP
15dce1bee53a5e570eced9cedc29e302,4a3db5579b3d8bcb6923779323e0189f,18530,tiete,SP
15e25ffe745b83f124ec4d08b0af3667,1f7e585f18385c15b191a1f9dd84639a,89503,cacador,SC
15e48dca580bb25bb8074a370b8de399,81f242fdcd1e2af71fe09b14aedac9e3,19200,pirapozinho,SP
16c7728a9584959d2ff2bb9e6709c56a,4e8749b186fbac91a0fd2c3431a24418,22775,rio de janeiro,RJ
170613a781d065db789a866ce2281435,d8da053d4cb055920f2667f2ba038f0c,9841,sao bernardo do campo,SP
172a8d88b70c30286a8d76ac735b779c,ecce47b0efca8ef66e9321e7eb431478,4362,sao paulo,SP
1750863a3a72d9a25b7e95358c496a50,5b82ff102b7e63f7ed275408685c06e7,14090,ribeirao preto,SP
1770a1b01f679a013b14e30f222910ed,40880e9c58d916a5a908452615a3c191,14730,monte azul paulista,SP
17c806c1b700e6b9409959aeb544eac4,4df73f9870fdf2872867ba7e440bf91f,40276,salvador,BA
17d62cf511786fc1707088b9d1542883,158329697c2e9b9d8dbae1404f1f16ff,59330,jucurutu,RN
17ffdfd715cc2d4efb1b4a3027353654,7a3556f9c5d1382d7658ffad836a838a,81880,curitiba,PR
18146767f23701401b08f4ffcc8548b8,27f533c49caf7f299c1567e655d1da67,9250,santo andre,SP
1869021f36753921537debb6357c18be,eada36d54431c3fea3af17933c7db143,4316,sao paulo,SP
18e2456b9baae6e47d1c71228a9e30d7,54340cc5bc6d1039e7426a5e1d3a2e4e,45065,vitoria da conquista,BA
191cdad35845b53e9b337d97ff921759,261d11f936ebdeae709e01a0ee364cfd,4581,sao paulo,SP
19885b25f450a981e4c9a3e2df120d41,cd11a0920c498edb1da9ecd2d31aa599,8390,sao paulo,SP
1a4c4062325be87e41a32061714ea625,d950bee4ca68acfe5788fa3ee51e240f,89520,curitibanos,SC
1aa26144f171fa1e7082aa0bd5a02e20,e7fdb450df9cb5915176faf3c938d1fd,5016,sao paulo,SP
1ab3117f58e7d55791a60513d9dd7f4f,0e712c5813cd2db73a8b770de7691b5b,5267,sao paulo,SP
1af33836f8f47b2949a85f6f83e8faff,1d1a1687cee3f1cc27542a425c2125e7,28148,tocos,RJ
1b530d740fc102663f8e9220f24b46f8,ed7aae0bd6dae2a07a54cd4f9c0b9b0a,99670,ronda alta,RS
1b7c152aba1c7478309329cfec0bb5d1,b3c1bc5b24affd7cfb96752860b44640,69044,manaus,AM
1b8fed4c8a4c8f879319e5ce374ecdeb,19348c367cdf408ea7735a14ec5cbf4a,36087,juiz de fora,MG
1bf99cf832342c829e425a2c1a0848fb,84ba85d792b2744be79a7e535724a9c3,12318,jacarei,SP
1c4c32e3591a802adaf5bab2f8645097,76db01944e8aac8cf2d2a7ff92b41d1d,26263,nova iguacu,RJ
1c5f3a0f0e8fceca5ef74a89eb54dfe8,0596964a37f26c52511c462d26cca8c9,23059,rio de janeiro,RJ
1d26c126f9597e1a7ee29449ed714258,e4a3e12a38e84615ed5377597f23c270,23013,rio de janeiro,RJ
1d26d38a56e51a4def7520f3e3ad62e2,7b2bcec826f9d8f92176ff06dbe62c5c,2075,sao paulo,SP
1de6fba12e5abd0cc6bf19f9cb96a59c,4399f1c9b351d4c09e167b8ce3d8da76,4827,sao paulo,SP
1e268e4d4dd343a3d8bcb8bc78839569,0822f17656e904dee4ccbcd80419929d,8210,sao paulo,SP
1e27003e2be80002823449d52e6d6f95,7d32be62832c4656d0b7238ee9304fc8,18031,sorocaba,SP
1e61e36af8fe328f476f84c356416d74,96d3ea0bcd5244480b7ff75e849274ac,13450,santa barbara d'oeste,SP
1e959e1f5920cba43823fa9f95673b83,9765e039028279fd2e60bb620a451526,22790,rio de janeiro,RJ
1ea574a394e7eddb9ef7ea5b56455181,8241424764e0bfa6bfcb3c6cda391ac8,50680,recife,PE
1ed1934ecae75619009545519aebab61,e6e62ad03df4dc30856d12fe2c1c1366,61921,maracanau,CE
1f04cfdc8c5570488a603c3834ba9c5c,54b716ecf36f372ca6a585a68025e8a1,13565,sao carlos,SP
1f8c8c7b7b7f10c3b35533578c3793c8,0be374e8b20536fd83fa3da81c358d08,7070,guarulhos,SP
1fa2b45910fbced4c773f679a75ae54e,6846382f0e21517bd5c96200def20241,26031,nova iguacu,RJ
1fb677ba61c86efb05836475022c5d98,b4d1f56f68542720cc2dbe7d2a594836,64078,teresina,PI
20362112f844c8a9416e4bd44398ace2,198ab1271f3bb949ef63fe8522bb938d,38081,uberaba,MG
204098bf08241831dae3b6f57f190db4,42d99fad3bd3032967fb0d96e856acba,9830,sao bernardo do campo,SP
206fd19fc2dc8738a59823f0afdc75ad,7e4d803a229ff75a3bc6d72be2e88ebe,35338,ubaporanga,MG
20d4755cfabd6aa349768a13ef1c7f78,d0f0202f6ae05106aead3534c9e9ebb1,19273,rosana,SP
2104da2b62ad4201810992bfb20c121f,037b6dbee70e569b15cffa55f7eeb15c,97060,santa maria,RS
2110656d0356c5d1d3c7f1c7bce0e319,1545f2408959aa8478cb267d8429e642,41830,salvador,BA
21f689b5d4b8d4244d8db96e37690a6d,69ba88e17ea574da9c9b8c8834a583d1,31985,belo horizonte,MG
220504d6aa9c2b1de671c7a3c487a537,45f47dab83cadb078ce66f2445f8b521,32655,betim,MG
224a3ccbc09897b81698cdd41095e94d,5001acc859cefd081b938e9ad399f8b6,9090,santo andre,SP
229d046873d7452a773c42e0f35916f9,30cc7860f832668d8fee80418948428f,13401,piracicaba,SP
22cc41b7201d6a520de0775ba5159aed,e017e385eca212c9245b334a1b500fc2,16071,aracatuba,SP
22f9ada7e24f7c3120649acbf2dfa44a,cc5114f4de3aff0cb9652d63aa842185,72220,brasilia,DF
230cf8e3ecf2c40452fa4d9d18857e0b,5020aef3a0df22029566690da49bf51f,17900,dracena,SP
231f0ffb269612f46dc8a039a9f7d60d,85f1c5f9eee209d9dfb0a3e155209511,97010,santa maria,RS
233c226032da9bc305bc5137c64a99ac,ef93719499a5b5ba6933f134f8d18ce3,8260,sao paulo,SP
23456b8fa364475d41ff13e408d9447d,b109019ce7a10e8bd8e6b464fee22a9e,53635,igarassu,PE
2354f1f312d5a346962f9fe4aaad3a51,c2dfc6e0c186490c85de642d331b97c6,88860,sideropolis,SC
236aa615a20028cfaa35e762a96d2307,b72198a2beb46a34b18efa39a79c5334,12030,taubate,SP
23991f5d59bfdef18b8fbf2547444ce8,15ba6acbfeae5e421fcbe307f953653a,26051,nova iguacu,RJ
23d54747fa4cdd07545f1612a7fa6927,4c8621c93f7dca27431b6037c9e6c172,97590,rosario do sul,RS
24318dd4b5ca7e9cc21eb9d20496c4ef,561a5ed9aee768a6fb48096ab8e5b7d5,9403,ribeirao pires,SP
247c9865f4c7ebf8f3bdfe24f8acd8e9,6cedfe5a1784562eb0b8a063d62f2c29,21381,rio de janeiro,RJ
248a02852ca9e93f364a79a8afedaca1,c8a88f0e3b264126df45e1313f5e070b,63106,crato,CE
249188f806d10160f9874afb8ec5ed50,7d30156f38eed8e773ba69587238e683,45790,potiragua,BA
24cf5c1e126ff78cbb839e0d1566dca0,95068dc990d9bc06dd2f2d0bb96b0822,3616,sao paulo,SP
255a8946290522f5dd7470c385ee3a54,524b08d2c1603df81425b422efcae7bf,41810,salvador,BA
25936c2bf3471a32f522df4e5949e725,e49c82ca5e5ebe3153400c1adc06cc9a,99700,erechim,RS
25a12a773f44b1d53fcba4e6834ea4bb,a6839c244ab165989e4fbe86fd36817c,11680,ubatuba,SP
25e70c9cdd059bec28d09cd19fe0a8ed,07e4a65ee83e6cbc3c7f30fa45300eb2,31110,belo horizonte,MG
264ccafa6c46b43174bce09f9f63228f,dce2ed744c77bee28e2a2491c49baa59,30350,belo horizonte,MG
26666e8b9d1f89876ea83c70e529812c,573dbf27284994be3c41507aa9f093ab,63300,lavras da mangabeira,CE
267f68f411fa32169472fa9b169a7238,0bf790010e2f4f4353e3ae8e45ad3b2b,24120,niteroi,RJ
26c149bebd475a62be04365d6c2064fa,c00e5d6ffcfb689b08d7e34eeb97ebc5,29705,colatina,ES
270363614b2b12a6b9c4acc42ec5f3c4,e889d48214f734c3caf3f0010fe5c91d,30421,belo horizonte,MG
2713513e2014d3d6181fd3ed037d4a80,0378d90f53fc5cc775e447e1eaff6ea3,23060,rio de janeiro,RJ
2758692f01ac5b7613432ef9df04a56f,6d91f649550081a2a1ca1d69a71eec64,11705,praia grande,SP
279a09411f28ae559c302075deafbae5,2faf78e5bfb2808753f951e111b1ba2e,65066,sao luis,MA
27e870080e742c5d8822fa6790b4de9e,c7162c842c0713472fee71aff1ac1da8,8450,sao paulo,SP
28635c64d8f2aee6e47124350f7ffb38,f95a2fb1caacbd10edbe4afa7a5980f8,13416,piracicaba,SP
286ceab451e4095a3fd1c76342fd157e,494dd3fafa3fe8721b21f83ad2cae129,21815,rio de janeiro,RJ
28bbd1e071c4f1e3159803ad394fd43c,2ec2f110dd55be58119e129df22e9826,5125,sao paulo,SP
291ae85099302fb8d13e152abecc5691,525b8e6fa72c37912e8f77312abd8591,79060,campo grande,MS
29667dd522207b9db84b2ae8bccc0069,7b80d4f273b022b3fbb3e7c0ce75c763,36031,juiz de fora,MG
29db75acc596d546418ba355b0d7293e,8a41984b859c987000af5060ffa492ae,29930,sao mateus,ES
29deb00c7e695e946f532b093ed6aa99,07d9274cd46ab1e4d6f47b8507e81b74,35790,curvelo,MG
29ff1b18d2d0e7b26c2ee3e15eb1393c,1bf6b1ecbcccf2ed5140391d83c19d03,80530,curitiba,PR
2a0ffe70fa6ad3911b6b1d9e3c9af7c6,808ea98440623f6eea7393bbec93e74c,79043,campo grande,MS
2a20585c72d654acdd99d11d22040fbb,ee5f8b9477ac498e1180a64113c9f27c,72876,valparaiso de goias,GO
2a632e9d40a3a80a44f559f341a36892,37b7803aa979568515830286117f7676,18213,itapetininga,SP
2aabe8a2ff4e13dab250d5d8c130c8ba,b31f5bf78807b72b42cfae6237d731ab,20230,rio de janeiro,RJ
2ad3de0c1767ab3a9c0949d992573b33,4738f449248109741f9ef3971d2d18d7,92340,canoas,RS
2ae5618c6b6cdb298dccef0e69bc7850,68e3b9aa8653faf591d8e33d5154e325,96506,cachoeira do sul,RS
2b1160b8618a4da5fd4a7f74c38dc409,b187823a366419a40aa2758c1e9a6c17,25525,sao joao de meriti,RJ
2b1a173a9fe0713e741e489b8a2f2ce1,851806f49ab128d0acfef8ea997e137d,3807,sao paulo,SP
2b32ccfc1540d4e925f7b53084a26eb9,58182e5bc2e98e9e10ea9bec32e31695,74493,goiania,GO
2b5f3324b7e634c393c51b7647284bfc,19f7951e700c600e4fb205982a06274a,37903,passos,MG
2b70ac59f738e900a7d1b8b6c29fd0eb,8104ecb982dd3732001f64eb7406563c,5435,sao paulo,SP
2ba25daf9792793cb287dd8d0390d8e5,c0ef37e745e3e5a7d172e900c5e5ccef,89480,major vieira,SC
2c5432951b606c37c8256c7892f58d82,9cbd468449e1b9d61bc7e5b79fc9d5c9,35720,matozinhos,MG
2cd6065a0296dc8f007dbf413a225da4,ee40f86698d1bf94897d87fe5dbc1b2a,5876,sao paulo,SP
2cfd19ea775aaa1b1cf5e283c4d4aa79,984503860d8d8dea530666eec07de95c,36204,barbacena,MG
2d4aaec26c7137baf5818598fda371e3,9fee136dfd3da1f7f437eaeab286aa35,88701,tubarao,SC
2d61700a423619c9079c538ed61967dc,6f54e4948259bd0c7563d961f4ac921c,73369,brasilia,DF
2d8e6928e55e8da0c7ef096702a74b48,92d0b88e58cc6a4ca246f8ce829bfd67,14940,ibitinga,SP
2d9f7b51e82ba4ef4683f8db8d883ad6,2f8d1b3ab32958d810985df8bc92eb69,6683,itapevi,SP
2dce9a88e9782c5eb7a92dce1c1684ee,17ecbb11ad271dc15ba46b93be52062a,36400,conselheiro lafaiete,MG
2e42725b340b879a9e4e93caac411a3e,94e416a11c3c2f3f0ec534356e4117f6,6363,carapicuiba,SP
2e43f7f2d2224f51ee172eff5de196d1,15eaf7e40d5ff0687009b39f3da7861a,12954,atibaia,SP
2e460574e3012e1d2383aa85bb954772,1b830d5de10304195ed5168c2eb936c9,5439,sao paulo,SP
2e77e20272624db559cd9aa75a4e13cc,37bc37513e4b436bbdb6833c80c5ac2e,68719,sao joao de pirabas,PA
2e9b700bfc894ec6834f9dfcc551670d,f5b897dc4f5070fd85e2bb3ac2050e57,12315,jacarei,SP
2edaf07ef089f710835c62966310c02e,c742460de9dfeb363b9f7dec701f45b8,71020,brasilia,DF
2f02678d5b429b623e9e40dd7b93e2a4,04f55c4c90c603c6b60a85845295e96f,39270,pirapora,MG
2f3d40d45e3136aebef9e2ed3c3fb950,49c3cca9733d9c3ecac4f4d1b0c64dc0,38051,uberaba,MG
2f70159435ac1cfc015410b83084620a,d8778cbc1271116398b884b4e187882c,22240,rio de janeiro,RJ
2f7ebfcf984a5f7da0b6d8397ff2f422,c76ca4caf04f016d447e4d9e6d29926f,89900,sao miguel do oeste,SC
2fa3f0808b4fc4e1464bfb5bd2229300,c582f7d8bdd468701cb419b374e819de,25040,duque de caxias,RJ
2fa81123183b17a5f21e52273c5f9c1a,d234df9a4e1759955f0fc0888d1ed466,4538,sao paulo,SP
2fb8001fa90031486a508d2796dcde4e,da3fabb668f83ec5f98bb888852470c8,3047,sao paulo,SP
30324c881a62562ab08e01a916582091,99d2f4598749093c61038fe54bf3a9d9,83420,quatro barras,PR
307cb7e9453a86b2550537938d86e177,efb28cc50044dbd84964924743445f54,28605,nova friburgo,RJ
30d7198ae94852e95a5afef8039145e4,b76bbd64aba8aa230a759f7de37bed5c,34515,sabara,MG
30e5e38dcab5b4f261e95cf80ff6b386,18a65d67bb184e736656cc017f09f7b8,23030,rio de janeiro,RJ
30ec382d461aa51fc8557107836bc01d,ba05f13a7d53577b2627668cc9ee854a,66113,belem,PA
313b4ca0c1c07a7dd244e0c9285aecac,c94cc56f7dc63e944f6478bdc5eab4e4,12402,pindamonhangaba,SP
315d5bd7eec944dc993cf112641f9a1c,207b943d8a627cf754d5a62210f20d00,59149,parnamirim,RN
315ddf3319e828ec1a76fe9fb3b4797b,61cebd138ff305da1ca2f7e98c28cba2,72430,brasilia,DF
3198193537ab89b727bff678627c327b,ea556f9072aad01509423b4409524c1d,18079,sorocaba,SP
31be8c287cde2933aefd80ec4b107011,2f2b167cb3ef14988b2a1c194e11a790,6455,barueri,SP
31cb868903a0743d096e59969787b1a2,938240f1f466b0f438b853e75bb160fc,17014,bauru,SP
31db78dd06030df56b20ca2bca5155d8,eee712ad2dff27e0d90969c8fb12093a,37280,candeias,MG
32498dd8fbe8b752805dba1536f2950b,9ddb3f1e6481460171705733203a09a5,6162,osasco,SP
325b358f012b5d274e0a3ef34a351f55,8ee891b2d6dd0f6d8c05863038d99cfb,3131,sao paulo,SP
330d2c8a165f61afe913931042f2ac9e,a695332469eaed4d7e8af674d1c0a7fb,7196,guarulhos,SP
3357c4c3ecf82709236158cb2ac0ce9b,bc13219ef5b1a254d34e3e6112303dfd,3315,sao paulo,SP
3366fb066ed37d6ed3d2156d0cf1af20,f774a1b6de038bc38320ec8751c6df8b,65760,presidente dutra,MA
33a5b6fda716a4b98d433b09a4f99c12,556ffcdd6185be1c44ea83be3b1b5f86,83702,araucaria,PR
33d93708f11200d40ac11a4efab3bbb0,57017bffe1b59c7da66267b6d3fcd44d,39440,janauba,MG
33db0a0e285cdbb3899c6f634da3d752,bb8abd8e96c77fb4a242f28b20a83099,13160,artur nogueira,SP
33e6dc4dd3e936799b77a6a204dc5d9f,df9bd60da4a8f8945d2b862aebd3d418,7097,guarulhos,SP
3535d2552102ae23095147d0409f0d20,2bcb6520264828b22eb21a9f32ce0297,88230,canelinha,SC
35514175c242f45e81cb61bc1a973323,7bec5e6b5125283fe3a391db68fba33d,6543,santana de parnaiba,SP
357c3f43a28dfb459f87e0ddd599f0bb,4bee7af3f0e6bea62646a18d6d87d86d,39917,bandeira,MG
35a04aa2658d28a4d904cbd9427494a7,ac1db35a94abbbe6f45e6f199ad82230,4664,sao paulo,SP
35a4c349e95eea674c798a25a532995b,137e5dd66aec8daf7fe5a023bc274c44,28540,cordeiro,RJ
35acf0e42c5446de6cfaa0d8637b2177,20260cdac770469abf18ff0812a011ef,86047,londrina,PR
35b87045be1864a4b58652c2f9eb0192,1b179d03329a2ed142c18b5aac37fb58,82210,curitiba,PR
35c2ad85d777a0eb16f4a2195cfe5be4,0b704ed6ca67840f360498ffe905d8da,40050,salvador,BA
35fa7db08a8e6c05761c71cc07bac716,8a04cd485d578904eed5263be0df576c,30411,belo horizonte,MG
360bddb0078f97dbd1e8938d56e1bcde,d1825c7a0aeb7fdcd2978c9998e721cd,1319,sao paulo,SP
36215c1129f4b3642a7cd36350c00d44,325dfeb1809ea61290f5d3f2adafcda7,58036,joao pessoa,PB
36edc1ad7d7ef3c71fa4add41f525c0d,5907e16a863459899822582631831e47,8730,mogi das cruzes,SP
3723e7de3c8b36045cd416e09841e8ef,b39d408a17516566a07a77bfc6cea4d4,7091,guarulhos,SP
3747cfcc18da3cff44fd440770d92d97,ec462378011c63f79ec53a2365d8e71b,23070,rio de janeiro,RJ
378b0c05cdee7a4b9c41dc83b97c216c,2d26a728f5daccc16d2b22088f6ba7c4,4004,sao paulo,SP
3793e5d3d97888a2b00e026d9687f599,e33a67427b1b8641680316979236fb3f,17054,bauru,SP
37d273154d2b2213fb174d4ac3ba3afb,4b2c0749955626d86742d9f8f9b099e4,13874,sao joao da boa vista,SP
38806f42b8696dc0e24a8fd5bf9885ba,7e14aadc62265635e984db6740558a9e,26015,nova iguacu,RJ
388ccac2c6892d0d2e576673da514910,275aba69747633a7e4ca86662cb23d10,85877,sao miguel do iguacu,PR
388e380a8fd7135321bbe22ed193d8df,3415a0268772d4cd19b0db5a7dec5676,8270,sao paulo,SP
38f1fb4bd44289ca591479b76905cdbf,628bdd93abd27fbdd50f4e2e91ec64b3,4616,sao paulo,SP
392b6d3ffab5331028e208c67f87e8fb,ae79bfbdd5dbdb7ee7e4bb651d0f3827,26285,nova iguacu,RJ
392c57b495fda16c57f193f52a612cae,552b9d839a47ed302d9135b38fe66fb8,21020,rio de janeiro,RJ
3933c4433fb20dd22767844f7b3106f8,b0e3d1ada829139f6aa648d53831b2e7,6140,osasco,SP
398fbef879bc1849c22a1355c2c9fab8,f1c1cbf21b09a3d81ff634e26eaf0979,96360,pedro osorio,RS
39b63c587a67ad257832378a0c2d14ff,b5522c0d915588419655dc549f02a4cd,5859,sao paulo,SP
3a017955f82b5bf61bb51aec865a01ca,ab93bfed86e2417198d66cf58945442e,7401,aruja,SP
3a1b59ada3b17dd1f3efe3ec95fc9a29,2a9cf085d8b0a622e4b13792df7194c9,6807,embu das artes,SP
3a8bf5674f0c38317b6a5d1c74d48458,1e754927d4fb748a6a1f8fd811550fb8,23040,rio de janeiro,RJ
3a940b0b8f29b36c928c4c91d83dd7d0,8939a54202ba6831a502fa64187d1702,8720,mogi das cruzes,SP
3ae0909507f3aff8f82173639d398da2,8e10263abd88168e505592cc29f2fd82,4186,sao paulo,SP
3ae25ab4ec3b54812811a7b61c4c4649,84fb1a23195812de513cead8d4d8e679,95880,estrela,RS
3b89fc56988369e6a4520e14735cdabb,33bacdfb794f1faf1b8580b9993414b1,13212,jundiai,SP
3b979b88fbf88354add6870de52d007b,3d4cd13fd525234c1c4a2304fbe769e0,2452,sao paulo,SP
3bccfa97add0d75db21876e18b0944ab,b63eaeb5bacf8071dcf6b393e475bdcb,63190,santana do cariri,CE
3c0fa547c538d255f09573b4a5739792,71f244e88319075bc8fe613ca7eb6c6e,89114,gaspar,SC
3c76e57147c243724b1ece52f3977775,724ad23e4c2c0c50207af074c3eaceae,92410,canoas,RS
3cd29923676e2dde9a89f7232a64de8c,82d138ae6fc1dd103c9b3eda595b61da,15830,pindorama,SP
3d14ef1b615443e8569574ccf4c70ffb,57d2e3a4c3b277bea367027f105f1c02,83209,paranagua,PR
3d70e248069f8145ca013f3dc8a948a3,d86e3adc64f2b3144b2b069869a000d6,5044,sao paulo,SP
3dbac935fb077003b3cd7b6e9ae9ecb7,45861d13dc73fcddf277794733a88510,57305,arapiraca,AL
3de4c8a03aa3ee782ac186c56c7bb4b1,9ad4b524ff2f27921cdb9580c10c6657,6867,itapecerica da serra,SP
3e5f38e2c9b854ebada680e510dda33e,dbc64f4a749c106393e5ef492b07affa,43805,candeias,BA
3e7a2e82fa0e0e950459e2dea53148b4,6ba9ad0428a073f5b69c2bb5e1ffd698,2251,sao paulo,SP
3e8f6274492ec99e946fd2649fab95d8,58a36563e7a9ca36d4ab7278cbd17f26,95010,caxias do sul,RS
3ebd35ebde56dc990f6069767e98c9b5,dd3dbd954a92cde43aa989722745a4f8,28613,nova friburgo,RJ
3f00c5554323c1de1b010995f7bdbbd2,e97b18fc8c6d72975f8689f4a1829080,8253,sao paulo,SP
3f7b1dbada6110b581bd17c7069b4876,5491f438dcd7c2d125e4166ddad02b6f,18540,porto feliz,SP
3fa34ec1800a5e12a373e3df9263e05f,fd54659942520455e8899261da7ea68b,40285,salvador,BA
403623ffbc1aa898df2232554fcad473,361d5cb6776dc1e86e39521425e01a84,83260,matinhos,PR
41382c6cd1d97c0f778023549dcd51ac,78a8cb14649a61bb2d1b4c1435fc0250,86900,jandaia do sul,PR
4183a12bf979a9f05ebaf0c45eef6120,89c82207f5240b591e568b72beab9337,51190,recife,PE
4212cb0b515edd1723eb5dade9852916,bb8486cad0e431659227f6fb18fc6a72,29090,vitoria,ES
42367ae6454e6a4acf379215806a9957,dc2a9dbfdaf29cf29273bd7192432656,85280,altamira do parana,PR
427a6293e6afb7796ed327369e5f01da,119cc2a90f406371222111aee7b986ac,26030,nova iguacu,RJ
429af1faa9c02097973cbcc46dcb148f,e3535a0059a01d1364e590fcf9fadb1b,57081,maceio,AL
42da448b13fbef03246fd2ed79442e67,9c33af5031131ab2acbc8fe5619340d4,29310,cachoeiro de itapemirim,ES
439337703a214d8d54055013b916a4d5,e5048e1b7406e6551affd225f80799c0,14030,ribeirao preto,SP
439f42a3cd2931ef5f1bb20e54f2357d,ee3f102da1f94d5782046090f5c6c67c,35700,sete lagoas,MG
43a020387d119fbe1f461e6473f3dfe5,0129147743b7712da1c4a55a59d0fb16,21235,rio de janeiro,RJ
4405d7268b1646ad195df880a70dc5da,bc2eb3caac79e71259bac8f30248dcca,9185,santo andre,SP
4441b0bbfe2bd5aa5683e3857f90ed09,ef47bcabca692404454239aced380535,13480,limeira,SP
4469fb1aee7f65683bcbcf6b569f020c,11610fbfca5eb4d6fffdaa00e651fd12,71917,brasilia,DF
44720a4d1f25b01c10c75ec4b67e76e0,c1d2a91016ab5d1ce5242e279f7ff94b,14300,batatais,SP
44c6cd0bafac1d001d76ff0ac05f6411,9852e627745c774d849419f9bc9d77e8,9845,sao bernardo do campo,SP
44d347aa77b1bae4e5107c9dc3dde6f4,827b19392982299876c0aca1f92208c2,29949,sao mateus,ES
45057034171e0faa788fa42f644dd62c,33a18dbb2518bd7cafd046c6bc403150,1405,sao paulo,SP
457b75db3a997e15b4abcffb8ebcc8d8,f3acfe83e456086fc091edac000d94c3,74371,goiania,GO
45a918e53c2777929c7e00a148e6f4ab,0f84a9dd952e9bb00c700016650df3f7,60341,fortaleza,CE
45c715dfcbdc6bda7b1190def7ab948a,78d2387fac855bae2dc8d728314d7b65,27274,volta redonda,RJ
45d819fb81a17ea857d85c8a1fae74b4,3a94b6c9bed0d1e47bdc8f015b4a0468,83880,rio negro,PR
46f54b37f0933babe0222df0744290bd,0b209d54ce95005e6dd01239d4146ec2,7025,guarulhos,SP
472a39839e3ad5a790edb3721639caa4,0a6fc943eff81607725f73d22f5eb577,27175,pirai,RJ
47328fd43124ef373859bd187f731bd4,e897f5b0c6b6095ff3a3ca13ef5c36ff,24220,niteroi,RJ
477d25a94a52bc31e37ca4c2bd589cb0,109c0aea81864dae8cf00c471e72779a,35950,alvinopolis,MG
47a7e64cd6c194e9358b7df9c67bf9a9,536a347bf87825d4f41bc936bf48a72c,9811,sao bernardo do campo,SP
47ede0e6f7b364a296f96c88e2552d37,a6d0c6a200ed549e77aecf56cb6172fe,14015,ribeirao preto,SP
4803684a58eb452daa4190b0e1aff8fe,7e8444fb4d74e0b442515b38a13de897,4156,sao paulo,SP
48044bf0c49a151d97d109b8e3fc83e2,2547169f37edc72299b523aa7a5fbcba,93804,sapiranga,RS
48162cf58a63fec5ad05f501a6726a35,81c2c1ea07891c508d676e0a9546fb50,12327,jacarei,SP
48197ad034682abaeaf6f049cefd1c36,e72ca4ec535043aba6d08184a176341a,81200,curitiba,PR
4878b01beae3a3c771921b367ce4c239,3c17b68f50d3026d0c07ea68326a544d,12030,taubate,SP
48e845c7d4f24b06238cfa353f4d22d4,dd0c06504f137b0f411c0a6d61efd876,8738,mogi das cruzes,SP
49112800d9f84bee4cb56c717eb30dff,f997fecd6a03ab8b64f9016449ebfe35,37502,itajuba,MG
4931b387cdb965048baa6ffd78ced9f2,71bf7196e65cfab5ca998bab2ebe3362,32070,contagem,MG
49bf065bf2bf468bb3f9e47c29a522e7,d4c54d1169813b4e814eadd734237858,8375,sao paulo,SP
4a8cdaa0c498d3fe054f97c22d38e6e0,7e4e872a4c6868c151002bb69a5783f2,39440,janauba,MG
4aaa498a3b2f602e7faa8c84a8465d29,d282b6f9c44809c95ae8d67377d42837,13290,louveira,SP
4aace62d0cff2c5f4cde5f590f16c26d,070293d9b6c24e542c0aa98d3c4c8cf0,35300,caratinga,MG
4aede30e7fba0851ea1d42c960892843,0e0d3aed77ac2e3746c2ddc3101e3d43,24350,niteroi,RJ
4af27ef16391994086f52893df7af6ce,b12c350998c29ae72cc90801c4ecbbf7,2987,sao paulo,SP
4b032c367b3dc8f32a122b19bb6e8482,a56b99ab1898e429a4e4acf44617c171,12942,atibaia,SP
4b2d705397245b9b0542eb3f31034dae,923f4df9b9af64d1a99b902786f301fd,37800,guaxupe,MG
4b4773853bbbc435ddddd51bd6c6a002,f94d7c267f1bb6956a0c6c6fef65da8b,92425,canoas,RS
4c48be8f6a938ef775ba2c4b4ecb64e1,390ab7d275c35f0bfb2be964ff5ffbe4,16800,mirandopolis,SP
4c9df146bdc5664d39360405fb74806e,59caf41d8fafee2be6f278b0f2488065,31155,belo horizonte,MG
4cc3ed3fc6926d0c87ca70e1ed88ca8e,962fd96f9e3e0e450d88688e6daaadb8,29302,cachoeiro de itapemirim,ES
4cd4385c6ceedefe721666249895d5b7,9e9e2a8949bc17bbcdeb154d907f411e,20021,rio de janeiro,RJ
4ce4a86c35b3be558433a12b6f55ffe0,ab924939f90cbda26738c999a16e1132,13030,campinas,SP
4d076b22079be9bc624fa921a1b6b7f2,d507f95c1428c6ef2990ac45fd0b2382,29047,vitoria,ES
4d1a0b50db4696068aa1ce1e933c22a2,642833d3c4a346db1b91406777a17908,9560,sao caetano do sul,SP
4d65fbe8c330d7b0f616d38fb9e46efe,7fd50b75c22e82c5837f314be3da0c8a,11055,santos,SP
4db55f299675aae7e60ea54e437bd750,b65381b27858a3c87f83c3f987d5ea52,5183,sao paulo,SP
4eaa399e3bebfa914be5e064bffc323e,eda6a8b2e945671c74de9bc13a7c27d0,36889,muriae,MG
4eac36ec251e3bb189f03db46b86ae61,d90d13a53b1bdfda045b720957173372,71727,brasilia,DF
4ed298b95353f35d266831f8944d77a5,cc8652fa71314ac6af870726e9ebd4bd,57052,maceio,AL
4f055f9a74696ba8819b212dd584a93c,8f40b2a65042866fae2f13df590824f6,8111,sao paulo,SP
4f11e0c0c7d456f4e5bf43b4189927e7,3e52cdb7a848261e1c2de77e50a88995,1422,sao paulo,SP
4f6f5e2d1fabd46160eaf3c2e71c9cc6,f50ca6544a0ed8a52cc964e15cbe9cf9,99700,erechim,RS
4ff641591219dcd73b025f1081674247,ece905d3c9bb0dc1665e13caa84ab302,28640,carmo,RJ
509865be40d14361077df35e35971edc,fdc6e6da9fc3a45501cd3fae41dde21d,12244,sao jose dos campos,SP
509ea35d8113ffbabd4e26113582eeaf,a83a836146134fe1ab35df94a0f28454,38200,frutal,MG
50ffa9db5559ee565d10298575444c89,251ea7177b1cdac25a6b7dca3d683c2a,22460,rio de janeiro,RJ
5121084fdade95f1a14190925415cfe7,6499157a4bb5840e37bf1ff3b978d295,36950,ipanema,MG
516183bb499f5c0a1c467cad231e5cfc,25398a3f6cea6ff9e64c4728fe0a8b24,1250,sao paulo,SP
51a6df2da42b036642d738afbb52757a,95cb401613f9d1b2594f834e2cf1c284,4563,sao paulo,SP
51b884d48be20f54afbeeeaebdcf8f0a,aae9d0bb599dd9550c9d5684b7c0164d,6361,carapicuiba,SP
524d837e3425c24c61000a639ffe2f4f,44cf54d85d1475e80484e9c69be0f548,17601,tupa,SP
52c7b6cbdef65469b3e42ada5bda15bd,f6a0ba639e185c1b11c1712fad9879c2,1231,sao paulo,SP
5393412c9014929b2ce82cd29def8553,7dd77892175c704aab875ba11e9d9948,99072,passo fundo,RS
5415e7754e47d4252917df22db44f1f7,dc673187e91a799814e3ba58243200f5,2244,sao paulo,SP
5456487b3c180178ee34fbb76bb7b0ce,fdc5ce08d209ea6beed3052b8bf4e19e,20745,rio de janeiro,RJ
547b138492fe9767762865f216a83e5e,84b466308dc3c57f4b1099c8ea8c671b,2308,sao paulo,SP
54946c90d1f2903802bcbf8c5d161782,f412bfa074505674f17bb5229a34d763,11025,santos,SP
54da5dbc494349153af7466f6e030d7d,d2524b4bb93d8dea03746873f83d10fe,13451,santa barbara d'oeste,SP
5509ac302e3aabe10b2bd4a9e5d10675,f3ce6ac02e42f97468bbcb5023923566,14600,sao joaquim da barra,SP
551910403e480512a070343d37dd598b,fb52b741585dcc9d87d214d5e0d4045d,61645,caucaia,CE
5555fef9ff07b9b1368c78c29cabf396,5c7f6a58e76fe2d541c491728f7e28c4,35182,timoteo,MG
556e9100d05797d5269afdc8d3a1a99a,e9921ff47a215f865bd152ce47637d65,21311,rio de janeiro,RJ
55af6da5af6bf6dde05f23dec9502c33,35c93e4d836fd147e577b1725f19f0a6,91170,porto alegre,RS
5681c6fa141b43aaa13277dd0fd30b76,6edb6d37f4e385515f898b31dafe8fde,89270,guaramirim,SC
568347f815812a019ece260d70e94d5c,9acebcf17af624dee704b51e8c17930d,28625,nova friburgo,RJ
56af2014afdd20f87502ea88b5a5ca0c,2053bd088d06f058aca86da44532cbda,41250,salvador,BA
56d190af176fad8ba8d4783efa59345b,e218ea5252473c436e855ed736e1f856,22723,rio de janeiro,RJ
56e49231a1e313e37d5ee61be9baf955,ad05bd7a91904a8be29ab555bcae36b9,3356,sao paulo,SP
571bc28cad276e1be2a13b7ecb386a44,54f8af8e578927c6f2f8631e28c91db1,97418,toropi,RS
57519c5cbf6b7c0d2d9cd3ccbd173776,3c3dbbf3d36a7a4587efada79a3166cd,11740,itanhaem,SP
577dfb2d557d5251a6cf3290575dd51a,e097c4114ede8b9d67f6e02d39f1319b,4364,sao paulo,SP
57af4c2463496f3aeb26502d9532c4e1,0968abdc1c0e00d5d8ef0c6c8b9fe054,22795,rio de janeiro,RJ
57e517de95c05f0ea21bfe6d91e09f69,24f745bc1e03f89dfab8941b672a8104,8375,sao paulo,SP
57f867a592727eb25b81e7a751311941,8a0855d5cb93089e677b9a0b601bc03f,39350,ibiai,MG
581472f70857cdfa529a6a282f9e56fd,510c0b04c0a1d626ec12a7bc05852be2,15440,nova granada,SP
581bfa7dba0e2af6de4773278a40f128,b6fed6dcac8cbb66092059919d9b4017,4616,sao paulo,SP
58283a66f78970a1137fdea5a4faba2a,855e730893171da01614bf6347acaa9c,22411,rio de janeiro,RJ
585c5fd91de9a68ca00f9d7cb63dd254,122d9b80a52aade54c40c8b04071d44a,91160,porto alegre,RS
58ef17eb85a447ae62ef8be1c5f06b0e,8ff20423e83c5bbbca415e6f808e4403,13067,campinas,SP
59227a9b6b75b6c0612c26336eec0a47,edd5bf7a832faf132ed09bd37bd78438,14115,guatapara,SP
593380b36ff4cb80ac853aafebd9ff81,2d696556b966ae6e731157e0c317e79b,81130,curitiba,PR
5974a7436459910a0a91a5e6cdd9c6bd,6080a210886780ffc895bce6bd114e4d,91440,porto alegre,RS
59759daed218627c5f03ec3849bcf25a,57567bb387a33339fe94859450e1c62c,23030,rio de janeiro,RJ
59b3e9c1cf55ab08fd621dde64de9144,fac47e384fef9ddc9c3cad97ed3192e0,74275,goiania,GO
59eb71336fbb39a683b38f0d1b9f21a7,540f29d5ce58ea2f58640e0d40795ffd,68515,parauapebas,PA
5a1470d43d8ad960d4199134d3df48e0,0b39f417a3c099ff0497346258e8d752,39810,carai,MG
5a28571d0bd67a0c80288cd5dc8c7b36,61ade84389f61cbb662a730e5a745cb7,22260,rio de janeiro,RJ
5a3c92f3f76b6d40e1899fcb3c200510,1e7494c847d6a45f6503c7ac3eb4222c,7022,guarulhos,SP
5a6464c1949c1fc4e9c61286e1ab8bfb,45efa936101ebd3d68d9afe76395aa90,30431,belo horizonte,MG
5a7ead215ddd95a942d4128b56b7b42b,8e6ff4de0a0a7529de62ea86159be780,39237,felixlandia,MG
5a99eaf5187e3741ee19a3b972befc14,e4206d9f87b6c72fb4e1922e20e29917,89801,chapeco,SC
5ac12bb0d6166ac492936e53c84ae0ed,9199d4b03f114560011e2e878eb9d9fd,58434,campina grande,PB
5aed239a8964c9d4307c5f47c0d81132,96caa408e9ca13ba035233f9ad9fd15f,9860,sao bernardo do campo,SP
5b126323c33914e3a0d693c50f84c495,4a10e86057837dd697b5eef0561e333b,36570,vicosa,MG
5b6d5d8a6516b6037fcbcecda40e9c92,b7dbebc38f12098e6256143044f18823,9691,sao bernardo do campo,SP
5c23d9c93ccadb7057824ddda82e989e,44bc05971f31dab3096eda170632eb1b,15090,sao jose do rio preto,SP
5c5cc05bf0bfa425bf49a230db1871fa,2aec94c31a0aa7e016f1d8279da159fe,72322,brasilia,DF
5c7166c05e0f11daa658c0e853141ec8,271d3cdd872021b1b6669ad93e8b856b,6317,carapicuiba,SP
5cd3ba919ef4f8bd611fe4f2b4ba9f9e,7836f08f708ea6b6c44204ea95a1e4b0,21241,rio de janeiro,RJ
5cd7b9a71c9e3e244d8415f996c091ac,9ae071d69456c929fe775a0eaa90cf77,13084,campinas,SP
5ce19e6c79a4a3d9de36c5cccf0eea3a,a87f3307c1b45456352b4d70632ecb05,65072,sao luis,MA
5d8821d1963846a75b6dcaf3a14b5633,e5f3e17c39ca961d8f61eb34b80302b0,88509,lages,SC
5ee2515a9744b5c06a48ab5bba237549,d5f970970b77ca11253f655a77a16031,6246,osasco,SP
5f82b6799f7f5bda22833caafe7e8cd2,69173628c3f6d1c28d6285dfdf9f5dcc,5509,sao paulo,SP
5fc9a903467ab21191eab7accee61ed6,96d80d2736e09d1a51bb4051b4c2698b,22230,rio de janeiro,RJ
5fcb697f25738603217969e82ae5db49,1724d0105feee7547c23e2d420d70976,18077,sorocaba,SP
60718e1cbcc25b8c949213d955d1ab8c,f9c599b8db1ae3ed3d8ef52469dd3790,22640,rio de janeiro,RJ
607c5e234f26e35e0e8e32a6eb47670f,49d2fac3209b6f052367bb54444b3749,78050,cuiaba,MT
6090711df10612ec9df45dc0c7090f7d,27ac1e144d1c5d8820ebae78802d90ab,22290,rio de janeiro,RJ
60a63d5cfff369d6ca0d86ab8073c8d5,325e19085f3017b73be3d9fd98a93301,32400,ibirite,MG
60c1ae14f523c5e43ddf237644b7571a,788cb725f403d1aa1a9b5266ff31e405,81110,curitiba,PR
61596279ddb21ea65d3ad55636c1720c,7297b46c1b392066b37a0bdf9e8ad7d3,88133,palhoca,SC
615b9a669ab79133f57c8e3691b74e06,0d3d43563fe92330212a73663452e4ae,3805,sao paulo,SP
618b8a8069f55d05ad5f1ccc488afa5e,689769aefadcc56d72a8b76866387dad,71917,brasilia,DF
61d049f3ebaf63f74e7c8c5289f19845,bf1dd33f93c58ea45d677d7e871e098e,5136,sao paulo,SP
62cf43d7c0b82fa2b6910138d7f4f14e,48e765b31aa7359bdc26fb32b1b6825f,21330,rio de janeiro,RJ
63ca9e5b1b7438892210e079c71ca22a,803ab0230700aa3e3f02a4c1ef9b2d9c,13660,porto ferreira,SP
641d5bf17c23bb54add76ce8e47c1bd2,e9a7c645f36f06a855535135f8900fc2,2466,sao paulo,SP
64cb0117a687a23b3d4a4982c7dedad3,e7a252c629a472f5bba6489cb1779c2f,66045,belem,PA
657a3f64558e83b09ec3846d6ee02543,e224d56bfa2030f5cbac17fad373f588,49160,nossa senhora do socorro,SE
6587ff580350faef8335feef410fee51,f1c6f6ac60dd561a7bd13002eb40d2f1,20720,rio de janeiro,RJ
658ff649fc33a23b0c62dbb364eef7dc,1efdc68247b459662a939467eda85740,35043,governador valadares,MG
6648569aeba7da7ae0eb333509cd0b4e,86003410d78a121c8bec4b3a57991f7c,22250,rio de janeiro,RJ
664ef02a3eab1689df1c0c19eb1e4859,f2655a0ca53cad79e713d1a21b2328b7,2143,sao paulo,SP
66edddd2f66c4db5b7958299be8733f0,1b0827c85d03946b3de3e3430d23fa31,17511,marilia,SP
66f7239eb8c5c7a3cbcee6a5a45cfa11,fb405325ceb5abc1e7a1d001cc2860d1,11250,bertioga,SP
6735b40b16578deeea15f31bd8ccb2db,3e3ccd3ade16881887457cdac11c3e49,69079,manaus,AM
674fa8530087a50d62a68830c4221ce0,8c481d6c9a4dc5ccfe46973bb82f07ef,12606,lorena,SP
678d9fab75387a33fd858264e25a7530,23fbdcbbfd86349035c065caef8d44a9,28800,rio bonito,RJ
678e74c9b366ce75f5c373f8c1562fe8,f1dd3da0ed3a1ba8643a2e032a051568,17201,jau,SP
67b0294ba64d7074b39bab09cb5a289f,3d057e2134a816aa1fda7ed50aa73843,22020,rio de janeiro,RJ
67de52b6a10455591df311f48614aa58,2ec795a39feac8b0ffac1f2aedcdbbfe,76962,cacoal,RO
67e656bad90cf1cff3eb60db78ba3da6,b45f94f3b26b9096c7af8c523a2c9edc,3471,sao paulo,SP
67e9e9957d48219a70259073642bf4f7,bb5a53763c3cd651d6d68e265252aae7,3015,sao paulo,SP
684fb41123159abd77da3416cf999acb,c926cbf9098cf4c255d539ee45173d8e,22011,rio de janeiro,RJ
686082a35b4abd8b7460f95528f557bf,af0ce74a40dab9d5a6eba94b35629ba3,37640,extrema,MG
686fa334d4d911e9ad2ab7322363815b,21ff6b67205558381cfbec10ee2fa4e0,40725,salvador,BA
689575ded4fb7b7c264f327f0c64aa9d,78efb72be6e814b502339fd067f81d11,5634,sao paulo,SP
68b8412a0ff432e46e7437a3540a23be,894ff9cefb0f7e13b46dc360fb4d5c26,4675,sao paulo,SP
68c85132eb3b96fbe6cbddc09a568d24,2df79c0c80c225d537833abb01a1a8ca,4216,sao paulo,SP
6909938bdfdc79e0e6a5eeeb781566ab,425697ce3d3fac914952c34f43c9dece,9450,rio grande da serra,SP
6931bdcf8fa91746cd473977b3805a36,e5b9fcd5cf8ebeb211073f3619ed73a5,20270,rio de janeiro,RJ
6955112320a9d13ab8bc7dc9fc7c6b9c,d2d9b07f558db65696517838605cffd3,31110,belo horizonte,MG
69a6d39c85ef49a5896ac8a51eb09bb4,268ea39fed3cfe1d823697bd7db0486c,26383,queimados,RJ
6a7350848787b437fddcf8b2ca19dfd1,9af330e0b75bef0f037046596df0cf8e,32605,betim,MG
6a747a9382486708e3501030fbfdbd3c,f9204c23c2e2ea395271c889bac8f4ca,37901,passos,MG
6a7add565bee8d10537837268f674a76,e7063b5898bfb640e26cb07a8c12f835,19053,presidente prudente,SP
6ac7224337d1da0e6d408e6be63d3222,123249643d3ffd56ed983e684e5cfa7c,41830,salvador,BA
6b05eb38f90c1a3b2a3b28310ee78d9f,9d07bf621235d863c3b3b2cf730a86ea,8710,mogi das cruzes,SP
6bf466d8e7a502ba184f45d1977ce33e,31a6cf9e22c6b10a4706a9d2aa9ee302,5185,sao paulo,SP
6c05f6d7837fc7cbdfe9fdfb3f2ce09d,a1fc7f67db48678702d1eb13832aa193,1504,sao paulo,SP
6c2aa8d949db31e2edfe991f4312f739,9d461b6208639ceb5806036d22ea54b3,11065,santos,SP
6c99ffcafc9b80b9f599030731ac7d5b,ebd383b2bba7c0ee97a636f11c3ed146,24934,marica,RJ
6ce438c321ac1b32b87553b55511553c,d9742d0814058be770f23b50e4ed71fd,12230,sao jose dos campos,SP
6d4f0e7d120684cae2d015f65ab2473a,f4516531fe2dfd62715cdfe16a36043a,88320,ilhota,SC
6d52aa467c2ca8720371701992bcb49e,8c05f20d5b89876f05c9be84bf65b31f,29090,vitoria,ES
6d82bfae3937c26e1e7d7f97dd1a7d10,13f0b6439aef26aa60f051b2d9a25d32,21361,rio de janeiro,RJ
6dca55c3c097a85c54cd691376901bac,55259a97665208d40d62b5a26f9f0915,36832,caiana,MG
6e36e65ac8a2d6648fe31c13aa4e7b42,1b359b38c83520c3d4a8518ae0a7e304,22260,rio de janeiro,RJ
6e4b305e5412b2204719639379f38b35,84bce7ce9999b331f8c18d359fa0ba0d,58155,soledade,PB
6e99627292e6e50e897b63a3b94560eb,536ffe40fff4f9e2617f57eb1a63713f,5011,sao paulo,SP
6ea6833bafd5a01be6aad92305a57e9e,2092a83c9b00bdad49c0d1789112ff51,72603,brasilia,DF
6ecc28fcc2fc38144c26e9eb3a037d9a,98d560cef5f3cb9f5405580488338871,69018,manaus,AM
6f40a2defdd5b7721f83ea57d31f3007,92c45de91f5fa35c526b059a393429a9,13603,araras,SP
6f48e6b45dd4260e3067e65407358d65,07eb0cbb880bbc6f91711079f76bc95f,5864,sao paulo,SP
6fa21f92af0ee009b8df6c402addf7e7,117c2c5c0d42af6a560b0b09af20b196,22250,rio de janeiro,RJ
6fc7836276b8f6772133106f0d3bbe55,ece98a5dccb1e985d69a38d4e0f054e5,5679,sao paulo,SP
7008f7f2a9a222280115cc2a4f2e5b34,95417d239104acddb6fe868a21aaa641,32140,contagem,MG
70a1cb84ba0314b09ca80c68b95da988,dea4222283cafa20e8037dfceb7e960e,17340,barra bonita,SP
71483f0a767d32ad1f94a6cdb2afa6a1,7fd38a14505d2f4cf2b255e8d1d4a5b0,89040,blumenau,SC
7150d0f1bfb62dd56458083def100175,da97ff40ce7401ab9256b6eedf97be49,3117,sao paulo,SP
7195469ee40337cc9e3c666b6e79e165,33047a883dab6ab720ed2269d31891a1,22231,rio de janeiro,RJ
71fa23a1c02f3750da18c91a830abd5d,df4f652af98da8b4f44231dcc4c65565,22790,rio de janeiro,RJ
72961bdd9898578b2a35f48bcb3c4b75,5c04beb2b69f6aafab563d6e672b1b59,13070,campinas,SP
7330b2142fc963806f7ac2f27fab4e42,21de770aa4f3a60388b97b416ad38343,88101,sao jose,SC
734f7b3685cc131dd8f6843e53321d91,1d08ccbcc1879346028fcb1d639a9e37,87303,campo mourao,PR
736c8aa786302c5d61fc8502ccba8586,65fc5068e1cd70d224585c8daaa75f18,3639,sao paulo,SP
7382178892f1ea46099be9e80c5f3736,616c91c7231d7a3c9d47537dfe05f644,4164,sao paulo,SP
73bbcfcb50f0200bc6a83f902495c0c3,305fc5e8eb0268e3935d867f000ab9b4,20756,rio de janeiro,RJ
743d5f9183ff8a1f2f80103605137dcb,d76e1d31bcf40d163e5b01710e306154,3928,sao paulo,SP
745ebc5319fd96d44439c0dc56a2fb62,680f6342172f7caa8fe7fc08f30da574,27250,volta redonda,RJ
7461a8e28f59334e5abe52baabeeecae,46e5cf1bf11e893f9829907f712a8ef6,4374,sao paulo,SP
74faf188f41edcb655352b171ee6daf8,446a51a343de5cbfe57d3b3c5318d2e4,13480,limeira,SP
756b2e31ef20678aba1fc60beb13c2b7,5f64471ba8b7cb7766c439e59b427d13,20040,rio de janeiro,RJ
75abc7c1601fdd71de4172156e87081e,4fd547931d9be10d53bca186d83af2e5,5568,sao paulo,SP
76704321b49d39de3fa159edb9ebfa9a,b2e899f05a6f78ed0359de81eb853941,18071,sorocaba,SP
76aec02fc0fe8e71e8903834b520cf2e,56929b4cf5b306902176697e4b487528,28942,sao pedro da aldeia,RJ
76f07d247039cd77e1cc89cebcf82aa5,fbe1e766ced2315c4ce44b68d37ddbe5,82940,curitiba,PR
778cff46897ef1ea3369ce789960b2c3,47fff67d165b79e36024db4b82d041c6,33600,pedro leopoldo,MG
77e5806ecf9fdef81ef001f1b9fb425f,21c8f0e82e8cf56729e6d1c4937e002e,4177,sao paulo,SP
77ed5ae0acf4f7fd1298ef46f09eab67,0ad16bdc7651e5ac483666ab0215bf93,4890,sao paulo,SP
786cc4eab38165553b0fb0c53a35817a,9762e6c31b598116ac89680124fe173e,39103,guinda,MG
791311e9e765e18c2050d96976d7e110,0aec306f43141711316ba69b425d7016,30492,belo horizonte,MG
79251740ef5f4fae4175ed6c7ad8982b,8aeacc38b9945f2a23b558febb87a66e,31210,belo horizonte,MG
7a403a66566f05868f4ace82fd9c8cce,e0d043fa90b93f86d78ef1ca5551caf8,2233,sao paulo,SP
7a45fcf693df9c5c5cc32ea0a9ffd952,22e65df7874ccac60db894fae4901f50,41680,salvador,BA
7abae3fa545cee17000026ebfca8eabc,ddfb23e875859d879a8cd720b621dc9a,59619,mossoro,RN
7b2a178190dfc4efadeccb75fc833074,d05f3f809c89f1a915e8f534452b5c95,85660,dois vizinhos,PR
7b380de32815f7e1c096e0ac24c212b9,9c28d882ff4322a7f25d34807c52b6f7,89670,catanduvas,SC
7b4205ad0699f380983dfbd2f26f67e0,a87e9657be1c58f418a0e3de07ae6a71,36900,manhuacu,MG
7b6894ed690ada31d57a4c6e81edd7c1,fe1a0586d9ca0876528af23f3219ce3b,13150,cosmopolis,SP
7b7e1565386ae5a382118296494338ab,54975068b3fb2924fded7c27eb31b54f,21021,rio de janeiro,RJ
7c31b35bce44552d9bab64daaadc1098,69693f76e58ccf38038073f3b52b5b00,5017,sao paulo,SP
7c3c95a24ec40f62f817a4b46fa1130c,923c196bd8ad794e9d13679e356c43df,4904,sao paulo,SP
7ca97a8f748763692686642e9b617ff7,5790ed6dd6bf7e5089d7b5425a9859f6,67130,ananindeua,PA
7cd47685658818a4cfa399c538af664a,f679cf9868547bc817ec73eaa0f4af6c,32285,contagem,MG
7d3fa362783fe9c69627a0144ae78ab1,edfe746c5a3e8c21a335c77d047a013f,71680,brasilia,DF
7d68e1861e0a36c2876e702fec92adf0,059e7585d8fcd2430a33375bdbcbb990,2759,sao paulo,SP
7d8fd581cc612022d2149f093956b42f,c20c61ce274e37eeb91b2e4e9e473c30,1258,sao paulo,SP
7da8f545ceabcd24a5237ab53f763657,5a410e78b4053f22bdff2e82d86130ad,6080,osasco,SP
7daa8a3a2fa25e50b04909c1235f4e2f,7571e21572ea726ef7e6fee3602450c8,30210,belo horizonte,MG
7dbefc296bc3eff6103e48871bdd9806,ba418dc2d4ae89f0ccd59a836ae1549a,74453,goiania,GO
7dfcd47ecae5860d7c47befdc84c7d4e,69331785d73730e2b88702e018db1f12,24110,niteroi,RJ
7e710d6d426e7b9d30e7f2caeeb6d7d0,bb084f6b44ae5b05f05711874e1f3132,34007,nova lima,MG
7eb292af92ee6b74439707af4517a540,08f93b424b4ab0d1483bc10268065571,91010,porto alegre,RS
7ed971d777a1a449bcca5e0b8c8c0e4e,00b5ba65365dad1d25811bf5e45fc983,14750,pitangueiras,SP
7f52398a75fde579f87d3a1a41b3e665,390254e1cfc59ba1ad23b31339b00262,94085,gravatai,RS
7f755f06529e33efcd66bbb3dd7fd164,b7741f7ec50ab6bcd52ab08ea8f214d9,30180,belo horizonte,MG
7fe2e80252a9ea476f950ae8f85b0f8f,4b5820135d360a45552b5163835b1d89,35500,divinopolis,MG
7fe3cf500fdf23475a1bf979578ff7c3,9630f071c42911730039a7e04fcea49b,15400,olimpia,SP
807273345adca6ba9c3ddf306db4a6f0,f5f3d8ad3ed4a3e5d25133c2695e65b8,68746,castanhal,PA
8097a1c159df9f814f105cad7df336e3,47b34f1699e5c386f0dc9c2e8b896888,13481,limeira,SP
80bcfb6131f4a90aaa0e1a230d747b33,ff57311a2fb5f9aa3477cc13c1c62a50,91530,porto alegre,RS
80ded7f148068beb75d793df04bb020f,3b3152c31ea801918e2e1a13c0d68a62,20540,rio de janeiro,RJ
8181e01938f34902ad6d883bf57f803d,fe2222908d7d7dc8e03d0efea168a474,96020,pelotas,RS
81a8eaf2d00263614778a976af4c30d1,4eb6fcfd481ef3c2ab3afba135ef4bcc,4313,sao paulo,SP
82500d3c1556dca1dec4cd8ff1650285,14391c381a3011bdaac2c5ab5fee642d,40015,salvador,BA
8252224e46486b8d941500cc50fb998c,7917c4e7db65be0ff7fbf65a8703a4c6,40731,salvador,BA
82602246a1f4807a352295050e4eb4d0,2812b956488e289363a9dacfd67010f2,37720,botelhos,MG
8292e9df852ab7fce9e1bafc08870878,2348acb8486ed639e2a7e9e2aa198d45,23815,itaguai,RJ
829712ebcb9948606c4a1665539a8b4f,bfab0ca919240683c49cbcd38a09d7d7,40290,salvador,BA
82a23b4d5c1fc6b2d2ecb1bf9b8a8a0a,e360b6b7973064d83141753fcbb1f22b,74610,goiania,GO
82aa082265445ca12f36a984d1e854e2,b074c5fd5227ea0b4413740c1ade2324,57312,arapiraca,AL
82dacfe25491c326298b6386b4a97a01,ebcfa7e13342d60a34309e1a56895874,31910,belo horizonte,MG
831df3c9586948c387965d2e9efa5c86,8c1d5869f4f4d2e88714017c98c619ff,26296,nova iguacu,RJ
839b3007f7e5aee8f8eb130c8fa51c29,c767dbe6f331a287a229243814f19e0a,75095,anapolis,GO
84c25336ff90f2e2b233e6df15840570,d20f34444ce44ca683d46e9da98456e1,8685,suzano,SP
84f15ee8e1e136f0285a56df9f873718,5b17600861ad996f3f508c7b707b10d1,96222,rio grande,RS
85094306ed0284f476d0d3aff28b8f1e,18aecb99836637ad525a1986c2327050,28470,santo antonio de padua,RJ
8516176bc6e365c8bdd9ab15fcccb26b,5efb4e021c3da3c1dc1337c5e0c0a807,24230,niteroi,RJ
85ed9975a964046c663872ddddf775ee,b25e280cae5b3beef63f141808fe0e16,60822,fortaleza,CE
862fff42e0e51660a3d140ee46ca9747,b5a873077a79d73dff6222a35b7a4f79,9850,sao bernardo do campo,SP
868a6893007668f7b4b5b545d16d4726,7cca7a0f41853e81cac7f579d77e9b43,83321,pinhais,PR
86efd204a817f3ed802849995f2f7b26,5385a3027dbd52112b5dd319329684b7,9341,maua,SP
8701c8ae9481d3f02596c8a013973207,617f211efcae09957ad47a3f4011080e,12328,jacarei,SP
8708b977b718ad465e2c246f86d79e9c,c07eaf49d5a89a89b92f857a80715f00,76868,machadinho d'oeste,RO
8718a039a914dc16e203ae3afddce0e2,5999fc8a10a02339f6c58946ce0657ef,14407,franca,SP
8718f6c0b91a5e7d40ec2ee9346e88e0,0aeaf849947c2a3a62272fd8f6729538,86084,londrina,PR
871e8c911fd8a211ed4a4016f9c88cc9,eb0e434f2608f163fa19b3ab812be74b,29163,serra,ES
875858cb4fa77eb349a94cb42d3303ad,c1ec8a554c30f17eb209bd09df0d98e7,36026,juiz de fora,MG
87d23e68b92b0a82ea7d3f297d0dcf71,275185018e59bf2ec24ca82d5cad0a34,5021,sao paulo,SP
87f02a067e858106e8bc1ee503540c83,33fac23a6ca3d5af1cdb94eedc9218e0,27660,rio das flores,RJ
88255d1ee3d1b15b26adb2fd286b08ae,3e289161c6bc38d180daea28b588181f,6365,carapicuiba,SP
886518f246372db5ea23a9b6b8852d8c,f4c44738abaf6e6f6c259acb440b861e,85884,medianeira,PR
886dcd8a6d9fcebe7ef5fca57d474259,5c21e267437019f708f605b521949aba,36060,juiz de fora,MG
88e61c7252619768a61932ecdb8df0bd,e67837162e0e814752b92823f611306d,41810,salvador,BA
891966aa607cc04bf5575d6b22ef9e57,d1da2c3c54238beabf857d2d7fe4e8ab,29230,anchieta,ES
894070d43ae4f9bab9980d3da7f8aa32,5b6f7e886ed4a13a0a666740e4788729,3570,sao paulo,SP
8972d832ae26a312a894f6c2093913a5,82531daaa7ffd6e710d9aa041b64f4fc,27580,itatiaia,RJ
89c8551457df83226788430ef4e44e2c,eab9afcb740ebb3771a0a86a91ed2708,2411,sao paulo,SP
8a14edb98e31117b2e0f10525840e410,52d1ba60dd7489550beb785ec71c6f37,21215,rio de janeiro,RJ
8a6d9c909753f171131d459c4d86776d,4b745e3500d14a175ba05f0dd9138609,36844,tombos,MG
8afa9893a855d64656f1ff2afc37131f,bbfa2fc0b051b522767faa6003216527,2135,sao paulo,SP
8b1f18c2f22e45482d3a3ad8e68090ed,9bb6328bfab33dab1234db560571fb3b,47802,barreiras,BA
8b2aa07f0b53487be833fb71a06df0ed,4c27e0e8e3914d3940bf089014dc95cb,5347,sao paulo,SP
8be8e4ee7186b2a8a787a41244afe1e0,7888466065cae13f1dfeb73a53ec74b8,12952,atibaia,SP
8bf454b89beff2ec924926ab56882cc1,e61e0c3ed336afc92b3c1e19fe0686b4,75134,anapolis,GO
8cb5c95e41d7589e72453a8ce44a273a,be17c303c3fe82b7a59afd7487a8aa6f,13350,elias fausto,SP
8cf5e488e3ca60e1a6637dc74a2e772f,9c8f2c5b42044913c464985d4848874d,79700,fatima do sul,MS
8d10ccfe7c979ef982e4964bbff62637,8d43f7b8f33f60fb6ae5ec21072135b5,82970,curitiba,PR
8d8ae08c6a8561cd5e932281b2b53855,d48638d3446e1d1556b850fdc3eeda8f,31060,belo horizonte,MG
8d9e0f2f8da28d693bda0da41529bbc8,d8dd2cd7e16c2546bb8d0f1ea648da3c,74484,goiania,GO
8e1026d431a055944bb4b806ae45ce7c,e2eab1ff0a556609fefad08716e20165,99950,tapejara,RS
8e870498ca6259ff0bf31c720b9f8687,f49d8dcfb6eccf32e01ad46dca93c6e7,7196,guarulhos,SP
8e90800b3aa14d1beee20df3a112f409,6831390f2a70c659ef858e0fd7d9abd2,30160,belo horizonte,MG
8eaeb7321c581b23d11baa046e326351,dadeb993a5db01ccde3267ca82b5e0d0,47850,luis eduardo magalhaes,BA
8f625d0098d0ef8da8da0cb9af210b77,e1c4798d7f0426ae0df590d06a86b111,2022,sao paulo,SP
8f6e5911262a8742393596bee2c09eac,1262c5e6cb8a5dc8c45fde0d536da589,20560,rio de janeiro,RJ
8fa5f134e902516a13767d7841a201a4,0753264f31df82553453f8f93f65306b,15200,jose bonifacio,SP
8fea62092a2a7d718fc9db1740bae34a,44c43eb1ac6b18e140183998c01faaf9,88032,florianopolis,SC
8ff8e5b0676fc679a45f4fae3854fcd7,353f7ad01ca05be7416d4d65682a0077,52150,recife,PE
90bee84ba315cec820fc30e0a7e52fff,69ebcfb15e500f10ed057068ce343330,83900,sao mateus do sul,PR
90c74d2a364948608eb6b45bf576940d,81727e86a8b8a9d9dcc84e67cd824a5f,23585,rio de janeiro,RJ
91073b46719d2d11b2f3a2cc46409bea,06a658203d4a7e5a4d8542dd075ce402,37470,sao lourenco,MG
91693fdec54a003591f8786b71c52fec,a2cab25fa1a8a53ba04f8e7a78594b32,31742,belo horizonte,MG
91fa40257e77a974dc662e0012ae90c4,c4b58a6222c0dde3a93d032e15b1443d,26900,miguel pereira,RJ
9230885a6fe62a5dbdb04b93c9648437,13557819de55682578dd2054309ea43a,7776,cajamar,SP
9262179b4bbc5d177135b4916c45341b,34efb331e04129d797481d96ad871954,26900,miguel pereira,RJ
9265e8abf2494201b1d237dfc1e270e2,a20cffe0c98b9e50d4e8d58ef32cf9fb,22290,rio de janeiro,RJ
92c5fc293d0fb1c8374516492bb5ff4c,6a7ab7b192e77262362c896a19a48a50,36200,barbacena,MG
92e16dc77c3bc26f219eedd465b6d189,3f00548d480f59bdac5e1ad8a68dcfe1,27916,macae,RJ
9360cf1e23a611d98cb6c73a3df608a3,da0440138fea4368af70b5cb01126a9c,6422,barueri,SP
93ae0ce7610324c8f758f054178cddfc,03ae6082ed4070c3088f3e8123f94edc,35420,mariana,MG
93f981296c84d4bb5e58924a81e11e0b,873d98d2e001445b2f97b8a33d8b1bbe,11630,ilhabela,SP
94298cbe7a6c41305c767c411762afd5,0fb9128a2668effe2575de5eb9472aa2,5011,sao paulo,SP
944d4db30a78d0a21034f284bd2f4a85,3a54e2381195debdc5852a59f27086ad,20540,rio de janeiro,RJ
95539321a91156c4393281cee799ef41,037f310c86d001ce53c80b004af836e3,18087,sorocaba,SP
96530093e1f224383da249e21be5787b,f20d03ab638209de28eec4076c1958ae,73015,brasilia,DF
9689bf5023de6534d903480f289ce4a9,aae296875a5380b09f3785a729183ff2,5536,sao paulo,SP
9707082565c37cdde7b05277988eb7e8,8d20b985a2670e363f0609d87d58a023,2971,sao paulo,SP
9734ba42a6232a561918467cef0c6d7f,a46bfb27bf5b8a9d9f67cb036fb016b8,20560,rio de janeiro,RJ
97d60c4bdc2028096d7750589b412ae2,1d79aec4d5dfa74805c303c16de9ede9,38183,araxa,MG
97ead85046c88db67bd6f13ad4fa3196,04bfca470bca6cb201479f0d7a57c7f9,47800,barreiras,BA
9801a1119c91032c99a15a846d4f5aa0,4e7da8460a307b63a7a4d98750f3a95a,5735,sao paulo,SP
9834899aa900947d8832062231831871,6f01b9ac4c9a8eefc69b60aa64325a12,42700,lauro de freitas,BA
9897cc2745dee2567ebdd9c8e997f6d1,bb23040f48dc220e6aa14a94dce1b2eb,71010,brasilia,DF
98d51e185f51731dfe310ad4f4c16af9,4a162a5419f7cbfd59195ffc458479fb,21380,rio de janeiro,RJ
98e291daf328c08849cb0369cd861a14,a664ec600630ffc8df7fc7f4ab05f506,3134,sao paulo,SP
991818841077c459f7da74f4f9cde348,c806163367fb7158fe423312e8f856ad,82930,curitiba,PR
992a21aa47aee416164fb221a5880370,f74a6b1fdb1ac55d4dff82139cc6c55f,4142,sao paulo,SP
993d78fad972fb03a64f3126d934160a,de8e3d9562f8279bf243c39051edc9a5,15055,sao jose do rio preto,SP
993f60535be5935dba6ea0fd2e71c092,3146229460ce28f41121b47929b046b0,65590,barreirinhas,MA
997b756a4a3c8cb582152647c7dd57c9,afc400a201303b0b8b2d3150f316556b,18081,sorocaba,SP
99df947218ac5907e8d38dee73a75940,e92b47a8152b7cfcfc83825b8508608b,11443,guaruja,SP
9a5c701a70252c3bdb08d51378595ce7,377b1fa711a628cfb829644338ab9747,14530,miguelopolis,SP
9afaa5e5c2efd5958a5fa0b04652085e,13b0f9d0a3ffa0befccaeb97a3689135,38720,lagoa formosa,MG
9b187cb857bde65d3cd2864986ca8fd3,7ddd229b9c2858f2f1294ea841571845,9361,maua,SP
9b346222f99aa5a395b40a266e38a0c5,417231f77913628ff188d489d6b5f9ad,6700,cotia,SP
9bc097d18d2341d608b1a4c9fe33bda7,cebeecde88265263bab1cc01232d24ba,36213,dores de campos,MG
9bc1e773143f70089e9d0feaf0fbb5a9,37905a9251b358fa39c5d1244f5283c6,35180,timoteo,MG
9bedce134cd25ed7df6fd43a51c8d76d,94c8b4de468c39e3e5f5ceb05345b166,17522,marilia,SP
9c039979984059520e88d6eeb991b977,1ec1e474012a40f81dc40c69014fb4ea,24240,niteroi,RJ
9c0f7d49135e022d18e0f0b9d5ac911b,a66a58c9f96ad261d7ee59fd6007a713,14057,ribeirao preto,SP
9c11910f46b5a9a3d8366b09a0514c97,5882d9af214f8e2acb3e74b94a109c62,24431,sao goncalo,RJ
9c218516f70c6deb239810bae75c305c,9b04c90ea70d2c999216b74e787b9aaf,93410,novo hamburgo,RS
9c6803ce255b707253c212649949c383,8f21cb999e605b67acec6796a2bc0ac4,36900,manhuacu,MG
9cc008464ef7ba2d32e3b93fcdc227b6,d4a3f6fc07154dc450ea87d8ed91906e,72231,brasilia,DF
9d8a8652100cbf0cdcfbb06ce031c9ac,3d4f12dece1264e5d6321f1b7f003336,5537,sao paulo,SP
9d9087fa1778208535484ce5ecf69f70,bc0d7bb032bbf422fc74bb279c47de1e,5716,sao paulo,SP
9da68c26e694013eb8889cd0a24e3729,8c52f6be11b2c9c54a51d79e23e214df,24210,niteroi,RJ
9dada6035f2fa20b18915fdc4067a378,c1977e8e3ea0900e70cd1dd70123d382,15503,votuporanga,SP
9dff903e11569e3f1c326a0adcd2d746,f97ab9c166ca8d6f5313653ee439a6a8,9687,sao bernardo do campo,SP
9e39eb9bd22c75888a0672ec4b62d56b,50483c532df79997b443411754a4531a,88600,sao joaquim,SC
9e44f3e3ef885b79a7ffab8341f067de,3cd73d6b67aa9d944d55978280201ac5,29702,colatina,ES
9e601769a837f171cf58645b7e89da4d,525e9dbf2f675f893b9f695d5ecefb31,14890,jaboticabal,SP
9e805c4826699827157bef24eeb29bcc,79d1314cd6322fd92e63f377e1b66493,81480,curitiba,PR
9e8ba2e59aa2e9d2582584dfc5196145,dc1221bff5d560f492a67e8353078d6d,79400,coxim,MS
9e977b00515e6b110e1dd5af225417b9,f274ac4cefe7f8708670983b0ebfe023,12244,sao jose dos campos,SP
9eab014e2646490a4e86bf382c50f4bc,76415e22ee395842dd2428a274776e94,45000,vitoria da conquista,BA
9ec7a3fd9d3597aff2900e7a102f3653,af41d14a0f72b9a90bcdab8522327370,37975,itau de minas,MG
9ee7ba2026070f1f3975a61568f0fa70,4f2ab786849663f70ed0dbd4d2f5f530,21675,rio de janeiro,RJ
9f0572207530663fed60cf042b2419ee,c25c0de4341701c95fb2675d9d82d414,82300,curitiba,PR
9f3328357ea81872a61a105b20f2167e,707c5b8a449863c2295db0b921143e31,8760,mogi das cruzes,SP
9f91386b930e55401c4ca48fa25c9077,1209ade9381e92cf80dfc9c684d6c39e,62580,acarau,CE
a01b1970efe8b573e00c01cf5ef8b758,5edb5e94dde197f8fd914eec2975b891,6543,santana de parnaiba,SP
a0b883e84e3ca2f19b01ab28d6fea42e,8827ca79c092af8429d9d79bda2214f4,4334,sao paulo,SP
a0bc11375dd3d8bdd0e0bfcbcdae64e1,ae9fd757bd2bc35c083a68cea4de561c,88161,biguacu,SC
a0e89f9dfbebeadd73de6bb72471decf,984fd675c074cd34f649e41cc5315749,77760,colinas do tocantins,TO
a10b8975ac685a2dcdeb9a2a82ceab2a,1187608bf0213d8c8314592e6b7f3b7c,24360,niteroi,RJ
a163d651dedef4b747c9a5414d0bf6a3,20ed57defe75b3378eb452b2c53a6a4e,13424,piracicaba,SP
a1725c06c50122eded9e3c2289ce7d49,2ab364bdbeb4b3f487a5a77de2603753,36037,juiz de fora,MG
a1b9e0e44dbb043645cd14b00849a705,eab761ccdba80c5b9a7f01b16543da0f,4105,sao paulo,SP
a28729cebaa2360d1450dfc0b3b3a12c,5e13680e5957293bead2ce5abb087f6c,7143,guarulhos,SP
a28730bf79d0b8a7bba0da57b026bf78,7c9854c1011827838769d95e5f268f85,13205,jundiai,SP
a2a078fa1733f929581628ac2d2c4bf2,c0739208435ce7d8c104608cf07cc715,19907,ourinhos,SP
a2afcd1851ebd758bcc566697c69369d,cf36ed9ae038c623d695d40cb7ef0890,8420,sao paulo,SP
a2ce3bbb37aad72f3635ecea09345970,cf45ade7b43b8716acee5285bfc5e2d8,49070,aracaju,SE
a3e6a84c624d9e25cb5ef7eb8bca4e17,9dc8eb1c074074a8bbb0f812d00d9875,38700,patos de minas,MG
a41f7c579dd43b7e3de0b0a5a5f796f9,4ca788859535d4a3dc70dc0938e062ba,2611,sao paulo,SP
a44700641eaf4a03e3f047ade5417214,98f04fe48471de2a411edc708bcd52a1,3287,sao paulo,SP
a484c1d24719b320e17bd74f602a32e4,0ac4290ef20dbb038df604878e2ef1a1,2964,sao paulo,SP
a49305896ffc9fc8d2c9c6efe8bd6439,dcf39ffb0de2236c5c6843f1c3f5e080,3124,sao paulo,SP
a5acb5aeca07d29dc93bef57f887b1fe,a9f9523aa0bd6cb09e4335790b7426e4,35160,ipatinga,MG
a5d2b093ce49ccdc64bedb68b856ac5e,66bcb5fd006123f74d979e37522b1b56,78455,lucas do rio verde,MT
a666c1fdb806db17b95c7fcc5d8d933d,5aa12328cdef952213ed88f50219b788,13505,rio claro,SP
a67749ad2ad8984f58af753299d89756,cc6fb42cda5848164faf7edb472cb013,9271,santo andre,SP
a68d9bfdc7bad336fab0e1643f01a6d1,8676c0cd5b7c5ffaa5ba1bba22eb6946,3572,sao paulo,SP
a69d0bacb0c135ea37032600687cd693,1ac43a7bd76f50561133aee17e22b497,67133,ananindeua,PA
a6a41ff534ddaa09d1e9cb71ca9613be,08c4efad5ff7abf5c1b5745a45730ab2,71660,brasilia,DF
a6e269f67f64836f3ea089d0cbd3e846,5491b2d821c91fb135fcf80cafd381c0,23510,rio de janeiro,RJ
a74236a4dbbe4c74be4081b8ebc2daa8,fe950c855187ad86e88c96bfd312c295,89162,rio do sul,SC
a75a51f163c2708a4896619f8fb0119f,7c13524be0f87fc516b99ab0c7021764,4004,sao paulo,SP
a85ed358dedddd9bafcf2e5139ca5126,699372e78f842fcf36351b489c5b71a8,18275,tatui,SP
a9221830e2e582026c45c252842c7504,e0bc92daae508d181c7a43fb885e0f4a,36420,ouro branco,MG
a927d98ffdcbf42206d896c538c5aa65,a5b2ca966f11e3e45367d5a9f27e335b,3336,sao paulo,SP
a9568489e5db4fb0153e27a71f4bc3f5,070acf4df1234a6257809e4e79644481,39801,teofilo otoni,MG
a95bf627a6d55bc2194028e5648c0fdd,226ad1e04e75266d492bcb6bea70939c,8370,sao paulo,SP
a9693a08894fae91c09ad75f16cf8a18,f200185118e762d8d5f06f00c9b6e9b7,2040,sao paulo,SP
a96bbd5a034a4d3432fe8ea79dcc29e3,5043aec566bc42fa5821379a790015f2,99010,passo fundo,RS
a974a3f25d0ae78b4e8a72714222c70b,c74fa5ef03294fe0eee07dcc89f22204,22071,rio de janeiro,RJ
a9d4d5f1e35e1255228f972bf67c9a4d,cea30ba8e28354a1ef8ecff28f8c7b62,27281,volta redonda,RJ
a9fa62170275bae9e87b228bad3ba33c,fe6baf7ab3cf7378de7bfb5f49db489c,3122,sao paulo,SP
a9fd12387efd701b1cd170637315b773,eba92d13f186ced1cabfca7dff665f4e,12224,sao jose dos campos,SP
aa374ba4d8e6c683d6f35c9e9019f3df,f860f289e851ab5d3adbebceba9cee71,54330,jaboatao dos guararapes,PE
aa58d5e8a1d6cd547904e11ef30f1f9d,59d3e51fd478cdaf8a7d40e6ffe28edc,24808,itaborai,RJ
aacd2c89b47bcc2aa875ea9b1f64955d,a33bb670bdfc972c485c44923aece1df,42843,jaua,BA
ab3a5056890fe28daadbf396fe470b83,70d3eaeb48aba4879c580645cfc0692b,32050,contagem,MG
ab4e4f11610404b4184fb812e47bb0ed,0bd4d2600b49eb951489ebc82723a4e6,65930,acailandia,MA
ab95418b637c62c3f1eae85f50c29c21,c627dee70494f392ae336ea20e9fc3d1,88015,florianopolis,SC
abcc88626b6df4cc183bd4cf459bd9f7,d0145b5fdf42e59535ce3074ed56e770,65693,jatoba,MA
abda27cb02d4536c98bc0c41e6245317,a494baf243b5b3dc416a4b81b3aa52d7,13140,paulinia,SP
abe9f9b32ea296df01cd861052018b8a,aa378b75409b570840dfea818ad0c5a5,4195,sao paulo,SP
ac23640ef05c70108abe56d93e23f260,2f679a526d3b619beccc26a3d1435de4,20230,rio de janeiro,RJ
ac4164b96ade53e05878a89dd03026fe,555f450fff386b6e115543607de6bfc5,82640,curitiba,PR
ac5464f145e02f0f756666b3e8792cf7,f39c6ebf797e244ae9c657b895888974,19200,pirapozinho,SP
ac5d9952787cc10cb1cee5d1f68c0b4d,fef8b9e7aa9a91bd365f533daf35b33e,31842,belo horizonte,MG
aced6d359dd4b94375971b67f59c4f9a,679035e8cc2a531fbf539676b782d825,13271,valinhos,SP
acfa4046c3a1b729f29bf47e05d12717,708b1cbec7dd67d6f81e4f6909971650,20921,rio de janeiro,RJ
ad036c529b82e8fb8dadd3d80aea5b7b,fe2e54628fe48256309f2fcafd1ea925,13214,jundiai,SP
ad29d9bb283d87e61e190d40bc7bc15b,33fbcb38d3009eddfe53b3063c642959,96501,cachoeira do sul,RS
ad4aa03becd869f5d8282705318243a5,0826903a6a737359850f7bae93f6cb4e,7084,guarulhos,SP
ad6fdc534e9acad243a6760379f3fe9d,be4d9d478982283077c4310a809c350d,12922,braganca paulista,SP
add20304a689413d6c3efe6f92931fa7,fe5cd18d036c2dff040713e83b728797,3585,sao paulo,SP
adec67e0ce2bde83bf2ed69ad12bf63c,21f49a64e7dab9706ce0cd0ab08ad714,75680,corumbaiba,GO
adf24d4aa27fc5fdeffab3f921271ce2,77c9fc88ec3267f00bbdc22eef1bb8f7,60534,fortaleza,CE
ae202bc992b8c3b955797a6deecf479b,b31e0acc3f8a173968dea39430db5c57,9781,sao bernardo do campo,SP
aeafb94a2554136cb6df64ce7c78f7c6,b11a72d35ec19ad070a6886111be7ab5,71735,brasilia,DF
aef2b3b4d4558d1dcdb092339601fb58,32e93651fbc6d641cffdc40c50d982a3,76932,sao miguel do guapore,RO
af76edabdbf253fecbc78beafb220e79,08d2b18f8862714c1dfc52561a8dae27,5183,sao paulo,SP
afae641675ee633694d73d9d46a529f9,13613cae6e3bfea8327a916246c96cc9,5108,sao paulo,SP
b05bd08872af166cba7eba25b0bfa580,67376b5d0924ea581b587d0ef8032fd3,30330,belo horizonte,MG
b0a977a4cb540b662f7995ae3a799fdf,e6b2f88aff1cd27ac49cc0b10b60d782,79420,camapua,MS
b0cef3a2a5a906f037086d9887793a27,8569ef2bb58d5824a7d60319888c6c18,97502,uruguaiana,RS
b10420d1fe67d729669d0f2562333884,82a13035f3bed08d1d07c175af1a2c3e,5818,sao paulo,SP
b117662727b8e15334ba1b8bbba61035,d67e556e4126887aac66c430dab9c65e,60867,fortaleza,CE
b1256e57a349bb234c311e484ed8cd6c,30951a661d8bf91b4fc3e244791dbef6,13087,campinas,SP
b1aa2abda32e707cb5c7ab57203e4fec,48c2229733623563729e93ee56baea97,37048,varginha,MG
b1ecedb16d47c1dad507d820395ab9c3,84f81ae3420bed4b0987639ce32f8338,12281,cacapava,SP
b262f00d6317f498f4a4e97a97211e5d,e080737f4b307c786728838682c193a3,88715,jaguaruna,SC
b27858324d445bc99dc2942997658556,d2fbb5aeaf313122fb40a45ef567a7ce,5756,sao paulo,SP
b2ccf1076d543d3af4d19d19ed4eeb46,68f944b512da9690a49ff59699465316,28623,nova friburgo,RJ
b2f27ac68d800789258e48b15e8335d9,d1cda6997ec00dd06cb0de062d2fa517,28970,araruama,RJ
b2f7f9472b10903cea928ec4ca8cf2ba,4e53380894a2b91871cfb7da8ea88252,29148,cariacica,ES
b2f8a6ef03233fdada4510b9782a42bc,dc3d6346af325d32d18c72749b1098e6,39165,serra azul de minas,MG
b31700129fac4f7d452b4b5216fde4d6,9e88e74bfee837681103e3a79384a1e3,44590,santa teresinha,BA
b33dcc7e3646f17181df9dede34e1713,f24b792fc27f1b3684123de6fef09a97,27916,macae,RJ
b35da35b3a7da8608a3e16edae62ed5a,48d093c3b0a702bdaeafb3aef41ff184,39205,tres marias,MG
b3698dc271a3175f13d5c4616e2dc0df,a4d348f760d23103bd872ae0e02b39d0,4673,sao paulo,SP
b3765dbcb1552872f10dc638104f6598,c688aee1174748a6896ec280c68a6c2c,22795,rio de janeiro,RJ
b41fc31f417d54049b838e2bd141e87a,7dc67fcc35d73ec0a9857cb225c123fe,6322,carapicuiba,SP
b49bca9a4fca7f417da7a01e96f21295,fb02e1bc1acdbf3718b2456b5fb0b67a,88025,florianopolis,SC
b4d1b74099bada9a8d7f3d5a95883f74,873e4275daabf5ab6eff5331277244a4,24230,niteroi,RJ
b4fd3585cfff96f1762daa6a4c375895,6bfe4618e750145c9acc9987f9ba161c,72415,brasilia,DF
b61a1d7fb4a9899ca9300a42300e9403,d68bdb5bc478a18ad98254a3ca48c4d3,1227,sao paulo,SP
b67c24cdfdca9a319e7c9e29e6e97f82,40e1d7c6580d6185ba1a4303c1c6b70a,74650,goiania,GO
b686164fb97b8faf0c6acb1556838ed1,5874919973f2990196b3a832ac6e4274,73015,brasilia,DF
b68c905ab520e155e3e405bbf8dc1bb0,b0454e831e63abc9d4148e48e4ebb4ae,23095,rio de janeiro,RJ
b710fefc4bde32cf4e439ecb01c0745b,9dc0bcfa8496ea146adfca26ce1ce551,45200,jequie,BA
b7afc661f446c22413d9f3e0c1b5aeed,19f276173a56972adf05f21e789773fe,3428,sao paulo,SP
b7cc0d4e8c0ef697cfd7d12d18d04c88,e57065168c3718bdfcf543c020c2d2d0,18077,sorocaba,SP
b7d15b59fdaf87b5d550b6561b4506fa,d8d1c43c061273eccd480676cc2f52a4,8081,sao paulo,SP
b7f1456bd16d1e3e4627323df78cba51,fb26070745bda048eb8a132e8aeef150,4162,sao paulo,SP
b7f5a499c05362484859bca44528790d,973af7ab1ae1f6eb682ad6b46b0e5bcc,81560,curitiba,PR
b7fbfcea57659b5d18c20c95db45e908,9aa5a8a2a616d12c8b2473429b1bdd1e,32370,contagem,MG
b806d6199ed9ffc4e48974784d3fadb4,98c90b1b8917a7195ac0461dd4c8b26f,27580,itatiaia,RJ
b80aae7fc5eeb4752b559061d404bc2d,213766e3aaabb648e85d62c75020ca1f,48005,alagoinhas,BA
b80b7641c7244c79644d4f6fe6e2e731,09baec50afccbb414f24bf8e0bc7c020,31330,belo horizonte,MG
b833010ac6287bacb56c8d08bb49383d,20b761dd3fe437a6990a84d6a706e3f8,32450,sarzedo,MG
b88b7689eba14a29896c654986bec727,ba2c1895f7a564980172df46b35fe611,35242,cuite velho,MG
b8a8f0d040850c1e5c76d0614d22b8df,70e768f35394e68b31cb5605023486ac,29906,linhares,ES
b964c2f3a1d4cafb7d6f0ea22fd7c62d,b33223d07508d612901c0350d1cfe054,65760,presidente dutra,MA
b96e965aed0114174a389c1fa1b0bad1,fd2b82cf81dd79b66d1fdf331ae64a99,31330,belo horizonte,MG
b9b285439e0ae073d8700ecdcd4e4bcb,5b5980e08c1a54395d216b459a2a6fe0,14784,barretos,SP
b9bec98c6738f16d7dc4e1f8e0e2c18a,2994bf500644967c02e013523bd02a62,23970,paraty,RJ
ba1fefc7aa34744954bead4700a08f4d,fd4fbaea0fdd24464c6e1738ce21a5ea,90410,porto alegre,RS
ba26119ebc275d7342f7f7a400c0cfd8,cfe31dd0d736bb373e0cf91c58dbafbd,9820,sao bernardo do campo,SP
ba4ec83bdd2a861c366574f0d4cef56c,8479ef9838c9bca6f1ad143f1c0404f9,15460,icem,SP
bad92566fe5c1e2c35651d6e2c7136fc,5a02a917ca3283cb2728734107dc4ee1,7073,guarulhos,SP
bb6f1261b04e227b81303d0eafa537a4,6996419ce6a637a84e6e4fdd9710ad1c,99062,passo fundo,RS
bbc12ed5c232b6608aeb60a1ffc9611e,5936e0661c5f14ba23f5220c379d9053,7082,guarulhos,SP
bbe6f69791f44733cdb39b824789340a,cb06773dbb3415543b78720a3986344e,91550,porto alegre,RS
bbec89f3ce9883659829232500271d87,55e4961112ecf48f62b785a19694ad5d,80610,curitiba,PR
bc11dc645f9b9b92ae2581fc582cff93,bd206a7660975fdb59a59e425fb0b186,2926,sao paulo,SP
bc731f33215a6ba7fd9ec9f2d984f132,8ca4823d2376f803e475c7fb77998e9e,76908,ji-parana,RO
bc781ab7ea64681deb7a011ec776bb0e,0b8b2910c3f96a74c660a10433187042,28605,nova friburgo,RJ
bd138ea8b82f8ed2d553b071d18533c0,8df10be00a35becbb4993496f949d948,91787,porto alegre,RS
bd3a507ff02b1cb5e3b209c7d745e93f,b599641f400f126013e160894bd409e2,6397,carapicuiba,SP
bd4afb694357fe76ab8dbe8bd8fba61d,564df947eb9192d7e1613b1b957cb192,71680,brasilia,DF
bd845f13db0ebdbb3dbd88dbbe69848a,e5a4f6d7cc11cfd5f32e6e5adde8d127,13419,piracicaba,SP
bdc1f7873ac4879bbd970ac78c3d2d96,da5bbfd583efb762f6fda762f1aaf4a9,86050,londrina,PR
bddc691790dafcfa373909e3571cf284,231010985fb56e04e784e26f6f9919cc,22641,rio de janeiro,RJ
be19dc32fdd2380731782b48abe63211,dce7181d2163e844624d28ec6bbef0b2,5715,sao paulo,SP
be2bfa73cb312a427f22e598733459d4,62ae12b121b9cb06e97458dc2b3cf4fa,1423,sao paulo,SP
be7539a389676f3996466d36b46f3406,de035f6c3d554a0e1c75ffb02783ed5c,15400,olimpia,SP
be7fd77bf39879f67d00f9f8c433b46d,f6b343f83417e0da74b76fa002629c91,35500,divinopolis,MG
bec4e5faf561fe6b4be44218d1cfd1c6,6df616876ef2151ab4a9d2e7f0632c1c,6428,barueri,SP
bfaa59943933939eb6bfb564519e794e,6e9a6867883241de50a7ec48ea84e946,12919,braganca paulista,SP
bfda6681a4a9cfdb7e8608c0a810b095,095e8a273f050a7b6c1817d35b11d283,21842,rio de janeiro,RJ
bfff9e1eedf0afc338a1ffb428c0354f,c04ece519f794c9df4125dec805b0c9c,88780,imbituba,SC
c008f3bac9e5d451c760f32c168394a1,1503709cd2fc94a7a459301c071c8331,89790,ipumirim,SC
c0757f19964e56c02b05e41d1ea20879,d3e3903121c9c1e9a9f111e2601b03c8,4810,sao paulo,SP
c14a1f8f7ebc33fced32cd35f5e4b385,94f8078fdb27aa4d2b5865d1da53a27f,11900,registro,SP
c171b720b07a79a5f662c1c315071880,cde4da115f07de94bf986399d2f0be7f,45638,coaraci,BA
c17a0046142969fea0916761156c6806,08eaef84580a006e33852550ae75f4d2,6083,osasco,SP
c19f7a6ff12999a4f736969f058f84af,193724657ce8f22013ad1d1c480ab7aa,12603,lorena,SP
c19f7da4784ab55d1332e7ebf7132534,39bd5891db7b87eb546edc28933505c8,34800,caete,MG
c248d31c4fed7d662b3a78538f3b1da6,0336f24f20b52c8af2f0dd8e4697374b,7713,caieiras,SP
c2746c0ec6e8b732c9a0f7d6a187cca3,b211abab3d5c6385557a8aca0f97febd,19050,presidente prudente,SP
c27703a50050afbb4661ad22ea030c7c,f35271305526691e8269aa4a915e56a2,88811,criciuma,SC
c33e69c9267c2879acf22d77054298ee,be7b4743f3a408de0793052d159a2a96,64235,cocal,PI
c3d8c825f8b88801bcbd6034fd4e438b,814101b83b85436800244d9e0735c2b0,88067,florianopolis,SC
c3e4865228356afd7819b3ebe77332bf,439624e26bc73309799fd718773bdb8a,21330,rio de janeiro,RJ
c4264a7d8bd33eccbe46b5f978f9965d,262e0bc6e703f729f370889579d1f0b4,20521,rio de janeiro,RJ
c444d6c8dca3873fa507af4a27a2b9eb,1d6baa55097a3c34d01a302201bf5750,88790,laguna,SC
c466c7e0ab222e3ef6c8046e96128a8d,6f5b9d1cdccc4d28f0483a612edecacf,2306,sao paulo,SP
c4f1f918cbb3c788b660a59218d51376,17485853dbca0d7a7f671f9b17b7d8de,12917,braganca paulista,SP
c5c61596a3b6bd0cee5766992c48a9a1,b6e99561fe6f34a55b0b7da92f8ed775,7124,guarulhos,SP
c5cec2f88aa92fc22fae96e287c61ff9,3136c4d6231ed845c91d5e1959f76437,13181,sumare,SP
c60951b71e9cb1a72adc769d5aaaafeb,aa11788e46cab3999d7e9d5fee8760c6,13175,sumare,SP
c60a729ffd1915e57d9ac6ef86553af9,3d81d4e0977945889ce7eee309a884c5,79020,campo grande,MS
c616dbff41c008fb0d5f5e7bb8e742ba,5420b1f106ead41c96e9e4a19ed293cd,89201,joinville,SC
c6396a2ea2a0c2af1f9ebd8a0e498d1f,11b9187a3b182f36ef49b0d36af5f1d0,11450,guaruja,SP
c6fa0b8e7a3f6679d53485285de58389,089b6478aff75229f5abd18d5c8fcc28,9580,sao caetano do sul,SP
c6fa5df1004d676a63f9e34a2cb7f4af,965bb71bf9649f2b32630b49860dcf35,9030,santo andre,SP
c769ac7a0fe2aaefe3ea85249f0aee54,be87b406047b972c87040be151cb5ec7,49480,simao dias,SE
c78a0848edc376b5bf05f22ad093aa0f,687728d2f6b44a8c1af4ec3edec6f1a0,13098,campinas,SP
c7dea15609f6f9f847e5ab841d72d8d4,00bcc55fd3eb23fc001365c5f0c3c3ba,11713,praia grande,SP
c85dee4c2d489b0a3108b2b4484c5644,ec441c1966bfa602976763f330fc5168,4624,sao paulo,SP
c889eec026a928be2c4ddde850ef4919,f1074cf981af1ffe480a9781f1d0b0bb,13405,piracicaba,SP
c9a19c32c0cc8ad6f7386bbf46beec0c,fe833298f3e617a9690e8f6dcd01ae70,95708,bento goncalves,RS
c9a6410aa7fd6f33bdae09357f8f5c57,0c7368c88a4d7cda228e3412bd2824ba,48608,paulo afonso,BA
ca090843ee5ff7e0f8168d693f8b60c4,28e3b4a14a28881ebbdf5384e004d6fb,24426,sao goncalo,RJ
ca8cf5843bcd138bd1e81ec9f17531cf,5df98760c5923977c84e2a09f1e46317,81570,curitiba,PR
cb58cd7d199d31c8320261119c8eca20,8247de12f35a00cf569c5b6a00a746ec,80020,curitiba,PR
cbb7dd66849d5e1d4a3cbb8ee460633c,7c2077547e0d1560517823d9b30315c2,74885,goiania,GO
cbb95f8f386e54a6f4f41134f77bc78a,f3f9ad393795500a09d55345662b18d5,13473,americana,SP
cbf7952fc32380ce494f8a312bc126de,2b5bb02c2e83ebb68653a19f29e4e5be,12955,bom jesus dos perdoes,SP
cc825baf36814fe3b4354455ef9a2335,7ac3a4d4665fc0d97d3df277f503d99e,60450,fortaleza,CE
ccc6b603a6ee64e0609840764d63c4c6,2a9af07882fab0b54952a87a696dcbad,63180,barbalha,CE
cd15de0c90eb620ddb7cee20733c9dd1,f4d6eb709a4f53273b206068884c29ad,96420,bage,RS
cd8268aa18118923a96823a06745e0da,150127cf34008127df269a5dee5c40f6,40226,salvador,BA
cda2c884f421e52353b8f80aea7d9c68,fcbf97f36313abd9df813d71318dd3d9,22793,rio de janeiro,RJ
ce3557b2b0bf9b7cb6c54af4a2d0babd,c300bae67265f51a879598ebf9c49c92,3980,sao paulo,SP
ce9ae711134d1939a5aa747f4a40a549,b0bef56c67e978dc9569a9177a8bca61,14930,boa esperanca do sul,SP
cf77d6dc60f91af4ae0c4a5e76f57713,7ab70dec691e6ced0e10140d4668ab00,65081,sao luis,MA
cf97ee37711c253f86497974524d479b,ee93308f8889d7d12be43a9d18bcb405,35720,matozinhos,MG
d00827c5fac201b079be8af3a7fc9f08,522c6a57e42e6b75c0db5003f6526edf,32672,betim,MG
d00e0a7a207cd60b12fa1b089114de39,07c30b82dddc10f4d5d676398b62304b,9220,santo andre,SP
d00ec1c4fbbdafc41f42d22e67099ca0,b70170c1c602142b425d3049b0729cf5,96205,rio grande,RS
d042569e31dda17519847f4bfc9bd327,39c45a81d682aa754d46022c3dfc2857,5056,sao paulo,SP
d115aaf6fb79cd479663952ea015e1f5,cb1094479eadcebfb39f971ddfd2fd97,66033,belem,PA
d11e21eb43c005333b4e9f0e279eec3c,21559d7ff0ebff720e5e160184338fed,86040,londrina,PR
d14ef07e2e84e11ab9ef6e327e9312f9,666eb33c6a1def9e1e4c8a11f2b95615,13255,itatiba,SP
d1926a6e8068d2bb5d6439d80a52c8df,7e988d4529e91738351be25a6cc4f36b,13405,piracicaba,SP
d1bf3d444abdec0ed13480c00638b435,27af6b8196214021859c508f24e99a07,83005,sao jose dos pinhais,PR
d1cfc648f3122f8f8810ab7e99a533f4,9895459a777c96d1f180c344fc5fdefe,8032,sao paulo,SP
d1d67e6e2d57800a09b5fa607ea74f89,b0793630f8255e21620b655b388ab401,3812,sao paulo,SP
d2b401a6c35de1f9edb7eafa56e43e76,335fd9357dc8243c70bab62afefecfd0,29010,vitoria,ES
d2bc0da79a4e2ae1e11523f27454311b,8cabd14272f05262621ffa151546bac6,28633,nova friburgo,RJ
d2c218bda8ec8cab8e5d1930408fe95b,7620f9d37c88244db194f06ec69f22a7,30620,belo horizonte,MG
d3ae9463bbd0a245451be4e0eba78726,decce2b83128f16e56ddbfed372b5942,39403,montes claros,MG
d3e3cb2b2922f53b23b090d9668a1b13,136bb390be82b2f669d8805d4c3a3f76,78640,canarana,MT
d494e80c75a3f57c7e9519c5566e7e6c,d2fc19e08a3659be4d43d8e49c04a091,9271,santo andre,SP
d5143d9dd8fc114605c82fb8cb937361,68024612aa18d6e8c5278f31060dd079,35010,governador valadares,MG
d531d01affc2c55769f6b9ed410d8d3c,8cf3c6e1d2c8afaab2eda3fa01d4e3d2,60455,fortaleza,CE
d556f45dce3c770a756fdd5175b2a558,ae2ab4311ac09857f7d3679259d6882f,28495,aperibe,RJ
d56e47d2599ae4f9f59c62923c415e81,f4316887caba528e78425197c937c75d,89232,joinville,SC
d5bf661a3e396b8c710e6878a34eface,1df0e82c8163bcef08a322f56ab1e21d,5184,sao paulo,SP
d5f5d054890a6ba9682dc18bc287daf8,3c6f8c4f55b17170c918087b2687e2b7,83280,guaratuba,PR
d6d14552ae24882f995122185c4c9b1b,f1acc2f42f829576480ec437ff5e236e,36881,muriae,MG
d6df282804c3e29133e76d6440472810,d0688c9961164cff0d988fabdd1ef779,31155,belo horizonte,MG
d717f827870337ac0f4c75982011f237,ccb6b2e02765251c6fbfc6fd170aceea,13632,pirassununga,SP
d78f9c14ce4c91bf23f1845524893337,b3b1a9316d027259473a94b2568e8edb,12082,taubate,SP
d79d1e2655c0b0f8b345f0a384414e2e,07037844cd0003dc83170ae8f2b27cfd,77803,araguaina,TO
d83a72326816260884edd05238aaa508,6011fbc9e8e5dad3b09334f73b8ef23f,8330,sao paulo,SP
d84d2c8f4e9116c3265621f8a196d93f,b34b19f2e95ee44588f6fc8211e9e73d,56280,araripina,PE
d8ee7aba8a882551b2786b1fe588962f,6d4da5cdac9304bddad302e396e61bfb,15704,jales,SP
d8ee7b35bc4f6d41f709e92ba3fc4ed3,9c64fcd3874cf3176671b4b81c5c0233,13422,piracicaba,SP
d99700792f0811f23d94f2edb64634f8,8b8c8f067a3faaf116211277147a88de,35494,desterro de entre rios,MG
daa07f7d9d5228fd3e95f67460c1111c,718189b0d7a3ff8adc5388e060dd6e3f,89167,rio do sul,SC
dac45a37ffb988682a29b7f846a95203,cdddd3dc1083b83c6cf40e64b850f7da,15061,sao jose do rio preto,SP
dac71d5847f06ec0fd6cf435ab87f85e,17681f1ee22e6a9d4daadeffa9d5c246,26116,belford roxo,RJ
dae9ee97d14a1f5ab75b863226a72df4,d6728bc853e760f8a5422116fa945ce0,4859,sao paulo,SP
db41b8d7ff23d40f4002903e0109a136,571fd0fd90da8bbbd90e58bbd11aecc6,81320,curitiba,PR
dbb265d79cf695065da3624264c7a93e,a7aa788135db123893aad25c7ba39518,5778,sao paulo,SP
dc0bd4e5d1e706773e212bd572996ec9,79a5067ec16a54f34bd3e4a31944adbb,88037,florianopolis,SC
dc0d0eb1de5edcfdbf09ab68bf450951,87cfa19b98c059fad565c97629f9f274,96820,santa cruz do sul,RS
dc22192b47c4e49aa885def47e184afc,544bbae01f9405564f40ae1af55cf9d1,45638,coaraci,BA
dc545d1bf1d2ad26b5cc1c9eb612e6b7,ef2b1180cc02342a99fffb702611249f,29255,marechal floriano,ES
dce285f67cd0b2d1f5937a0316d83db2,c34d9a1039072cf8a15f665034826ff0,1214,sao paulo,SP
dce6f9a140fd4b1c5941da022a650535,084be429c23e342acf5084ac6156d22e,86066,londrina,PR
dd163cc1d5c80098ad9e72126ca5c8c2,82df20cd5060f866287f5a29f520ce95,75640,piracanjuba,GO
dd27a8972166033eeb2e57761329d5db,cea2d2fe88278b19c37aca43e45a38fe,11990,cananeia,SP
dd585d9fb2f44732e62002adcfbe7b0b,1b6388b8385838329136d96e2ffa3256,5688,sao paulo,SP
ddc77abd22e933d59b40e2607bef670a,4f4d2fe2987efa0b9e4e61a466e8ed8b,86400,jacarezinho,PR
de4229d4fd98b7118bb6b61817dfe6b7,d14bfc94c86f2e6ff9457a246158d663,32678,betim,MG
df00b2504f1669b660b7eab5c0331e9a,873fab9e6cad078dcd3b1934a1c69161,96700,sao jeronimo,RS
df1ddbd77d8ef26e56e8962a2d515c1a,05669445931c028d97b7c0637b5a2359,21012,rio de janeiro,RJ
df55c14d1476a9a3467f131269c2477f,da122df9eeddfedc1dc1f5349a1a690c,28970,araruama,RJ
dfad35428d73fb161f37a7b844ab4cc5,7a76c348bfeec60fba5a188c80471a7a,30380,belo horizonte,MG
dfc05ec4cd332bc05c602f36c93e5f6e,c5f9b6b7f240e750a9e81f87fc0cf504,39980,cachoeira de pajeu,MG
dfd98d84e66b465250732382ff6a5d34,64827a379b63b1a5b42041139b44ff5e,37490,sao goncalo do sapucai,MG
dffc41c0be79bbb7084134618223fcf0,1529931ae589e40510ce709d0f4e83ba,35162,ipatinga,MG
e01a35c0c3eb75cf669d46a623165695,179d9ae507e6d6882c23bd234282818a,6853,itapecerica da serra,SP
e01dd706e00cef25a6be635737bee134,c15e721e52209690f253a6c8fd1a17de,23045,rio de janeiro,RJ
e03f16c679044f02b6f9d2bed05888b5,56df4f5d14ce74e964795a36498ef086,11718,praia grande,SP
e1275b4bca1321a1d6fe6a7ca7d7f444,c08b8ed7b875cb005a7a17765f4ffa40,22270,rio de janeiro,RJ
e1691dd56ea0646a2ae3fbac45b1d181,27f1d849500cda06b73f883fff734a5c,1123,sao paulo,SP
e1d87389c11602b9715c7e41bb158a14,4fa26ca8091ebd9d2d0af6f67a915346,2316,sao paulo,SP
e2292acdd1a58281f6ad236ca88cb914,1c843fdad0852808aacf329e59d4c305,73330,brasilia,DF
e26c19c5ccc698f3612f11874d3b07cf,ab243cd9e788d689cc822380f59616e1,13098,campinas,SP
e370a74b55f19bf8ca82b0dfd5b3e396,994f35cccd7d6b7f580cafe87e5d08cf,20735,rio de janeiro,RJ
e3a14f2e3a483c69d51b7bfa3b3eaf2e,84553df72dc385246856f0a63763dde7,2618,sao paulo,SP
e3afdef8e94c0d1bfa5d378d0574ee54,29c40ebdb9bf8268efb4a8aa01078f58,30710,belo horizonte,MG
e3e15018bc86fcb22b899d6c9306c1ff,0f8653d78f4a54f91c829eefa2d03e11,29090,vitoria,ES
e3e47ad0e26636dadc729691ce8b5e86,c53487c25585fa559f629f5293b2eccf,9320,maua,SP
e40c5dc891386a1b077b5fbf99505e71,1a9851ca5dfae3edb306fc0b94c08fcf,29172,serra,ES
e4439a1e9e726f5cd5f1716951ccb61f,3556b5dea9e633ab8709362974179286,14640,morro agudo,SP
e467d6ea09ebf67931a3981f7ef5db84,8eeab6b654b35b711d2e33cfc5e685ad,4620,sao paulo,SP
e4dbb700c76f5706dd58f9b9ef613aed,f8f338d24407d8c6da17ada8bf6eb613,6290,osasco,SP
e5282471771ac804b0556f65efa44e74,51c498c80f4afd96c234f0b6795f2e9e,20520,rio de janeiro,RJ
e53d099c01ad635b7dca18573d4ab1ad,e40e0b77f034b7772e51acc0edcc7d8e,78890,sorriso,MT
e55227c80ca878dad86e6ab873b52f8d,dd73abcfc2e958c4160e0be6303e4982,21555,rio de janeiro,RJ
e63b226e15e890d317368cae0053098e,f2781bbea4c9d6396a0e1b080f69aaa9,88850,forquilhinha,SC
e63d3cb3e05d2867f4e2dda6d0fbdd8c,de7d44eabd274ea6224e86adcf0064aa,23070,rio de janeiro,RJ
e63ff59204c3f0c9b48e8cf43776abec,021ba14f8e7b9e5c46cc91cfdbcfbbd1,14820,americo brasiliense,SP
e67f4b307d30db818d62f4021236dc26,da796f7f3330e18ea6f35c51701f4eff,6856,itapecerica da serra,SP
e6a26b9742c8bd89eab9278e1f451354,9f8b9e9b091d1c81423e52c4e0839975,86220,assai,PR
e6b13652c0cbdc2f26822654e1f74573,013a435769899074c568863694560449,8032,sao paulo,SP
e6b1bf9a73b24f204d6f88e2df206e22,16057c553a0253c88667ba82747603a8,74890,goiania,GO
e6fb71a5c771ff1889d56a084746493e,e34e5486b44c435ac483766687174b98,24315,niteroi,RJ
e6fbb4cd7a63ea4863efc08e62db0186,43bdd205ff0d4bb2249dcc9db98da43c,3066,sao paulo,SP
e719dc400017e0177378ddef1c9c757f,f3e76dbdb71ca99e1ab351937ce9aace,6447,barueri,SP
e80a15b9bfbfc93d266599c844f56c8b,e1b5274987593318a464a7db745e2064,32400,ibirite,MG
e8435133133d4eab7ded41332934b2d6,ff48228323a1d52f3b3108316bdc4314,4849,sao paulo,SP
e8445197dcca593e6e30e0b4e3da55cc,decf0e8d20f4dfab338404579303c0f7,8130,sao paulo,SP
e865e63a5fdb1e8a91eb0d8f6aa3129b,78f4e955f2e59fc45cbde586820d347d,2521,sao paulo,SP
e8704f70e4ec2f83cb3bc4d80f749dcf,06a1e58ed33da661b8d9ea895f441633,2967,sao paulo,SP
e8cf85adfbc68653c831f02159ec04c3,1bb24948a31a2ee3e71f6be59e0dc971,12412,pindamonhangaba,SP
e8efbea0bb2c1f6fa1f9974e53dcb370,1791d6a30fb776207b1dfe8b6a10bdec,14790,guaira,SP
e8fff6456a357707eba84dae9ef01dd5,ac3d0170d3ca79e7512a06a516f4621d,74911,aparecida de goiania,GO
e9285513ca554becdce6eb1b34963643,a00a13ac36037d575bb016caf8f50d53,29072,vitoria,ES
e963d0e4f815dcd28b135d7d340ec51a,215e0a9044344dca7820b462c60bd206,14010,ribeirao preto,SP
ea613c2701983579d7a26c1ba1d6aa39,6b6ad67b1e1598c2ab506a6a9a68f3cf,29155,cariacica,ES
eab17ddda36cb27ac825d56bcd269a0f,3b4996aac9f52d741bc5d4df7da45070,18274,tatui,SP
eb5fd8197c73f714f2e41223565baff7,6bd78302ea029f16f0f8693533ee3853,88330,balneario camboriu,SC
ebadcd8e460f755fc77a3750ec9a5e5e,096209cca9e550c4c348cde7dade594d,81670,curitiba,PR
ebd60a203b55ef9750c0d2671bc83ad4,31b8437b83b69d714e1567144351b70f,35502,divinopolis,MG
ebda0889c8fe0ca190b75b5c9e220ded,4b61b0b49772b0202008aee438ceaa91,36800,carangola,MG
ebff917ea54bbda6b10b23802b36c8c1,593b05a30b25687fb84c43cd30544b15,95600,taquara,RS
ec3ec417b16fb18d288705ec41bdd297,288ae9eef8aea0a10244894a9688b226,13327,salto,SP
ec450e291bae7ed8a48269f2197e3f26,3122dff8cffcaa49d22bc737980e79f5,39780,santa maria do suacui,MG
ec583a21b5ec6078f56da232ffe150e9,305d147049c26b6110239222c995fd26,73813,formosa,GO
ecdf8a367907e779938b1b6410c45824,6308a418f1e77aef98f6b0050cb139fa,80440,curitiba,PR
ecf406af63d8896d04b79672f2561375,ea3e10d9f7f1c2ee3b6040cb06ed4bf9,24711,sao goncalo,RJ
ed3f5834a1aa32b3e924a622a6753d88,3d796a13dad7b34c4c022b1be13b479b,17890,junqueiropolis,SP
ed9445dc99e654763cc4800426235e7a,7d928f93629614adf7a2ef548cd69622,24130,niteroi,RJ
edad39f31de2438ce949eedfda6e5ad4,32b3af6c5548b794f1924e7dc83f9e00,85760,capanema,PR
ee640e45dcb504c4ca19aa33aaa27495,71ff069d4101fe5de748998777310f09,63010,juazeiro do norte,CE
eea6871b2a776e5f98fe73b255a0a270,3d1b3afea75cda0162624725b2f53148,38703,patos de minas,MG
eebb0de05cd24925e099c9105e231280,b6c55254112a965e3a2f5503bc56a48a,3984,sao paulo,SP
eecbbd8f0c46f26f7c86883df3343757,b5f9dc2dcb8c345169eac472eca89911,7124,guarulhos,SP
eed17b4b86c7ae236806408d6ed7d0d4,3f56ce61d22fb96b6a215ce2b052a35d,83833,fazenda rio grande,PR
eed2a3b3ef8121235ebbd241866be47d,cdc8b0d152b868db7e28de59f642c94a,55004,caruaru,PE
ef8a5aad3ebe3ec27cfd69d5617c5c1a,52ee377ab3d6f6c96909f8b820753423,95095,caxias do sul,RS
efbf2ed09046e731a78937eff84b3c04,470a8f2e1dc7b277e4625f23039c6f84,30380,belo horizonte,MG
f07b4ecc1fd5b9d86e247df2fa58e2c1,6c753dcd72bcc22881568fa495f8e325,24460,sao goncalo,RJ
f093791daaca3173d8a7515d42a84baa,2e7578fe157d562c7dc3a401376a5005,88132,palhoca,SC
f16d43d5d628050388352f38cfa97c4d,8660311748ba18cadc814eb18fe8472a,21921,rio de janeiro,RJ
f171e6f892727d44d9df7d93ab570b7f,4e65032f1f574189fb793bac5a867bbc,9531,sao caetano do sul,SP
f19abd77aca5aa71058d1969d407b963,f3587d49c0973cba419d1404a7856fad,15900,taquaritinga,SP
f1e72e6212d8f92341aefe99209898bc,2ba3b74dc3bbf6a4b1e3692fcce257d7,30626,belo horizonte,MG
f2191c2991cc7d4049394a2f7e4b4ae3,b15d7932f83e90d95c5eb50113925038,78307,campos de julio,MT
f22e5d704acae54bfef534811c77597d,19a1e1c08f055da44b54806f4e45b150,35603,araujos,MG
f27e56c54dfcb67aa9237eba08636bb9,50b62f99498fe219e5b1cbbb904d024e,84945,salto do itarare,PR
f280a183e4e63b12aa5b9b6d06baecaf,cf7d5df4ee5ebe39ed41f0c5c1584b1c,22261,rio de janeiro,RJ
f2b29ebe8a1e00eb8f9273ae1adec012,98a5e58898b04ec9f77f6e26e67050a7,70790,brasilia,DF
f2c878a2ee1b3239bea5ad24d4705c57,35a63c8e6fe045b526252475c1b0d128,37014,varginha,MG
f314ce5a7cf4b04c52c47d013cc2fbee,f5d11e0d479bf2338256109dd7d930b7,4651,sao paulo,SP
f35e1aa8990c39ac028bd44384d805a6,4e6588068c000d6f539cf24c66a96816,70390,brasilia,DF
f36d397e361b66b7220f849320541fd8,13fff243cc1910bf64dafb9bc81ccddc,13272,valinhos,SP
f38e7e94fe8e324a27a966b5903aeb7a,8abd3a4569cb040652fda5ea7f563f13,14079,ribeirao preto,SP
f3a470fb89b28664b4fa41e2cc3bade2,e396f66f0b2bf19462384b6b1ed1ee76,37890,muzambinho,MG
f3bb4ca2244dc44f761b7becf03acebb,de038e601db2bbdb12a1ab691a58f7e2,13275,valinhos,SP
f3c2cc8a1f85cd318468829dbfbd6eea,ce8739bf18732110c885e3e034423aa1,25051,duque de caxias,RJ
f3c9c6bf685619f838e78019116a92ac,e4c595917909f1a77663c9c339767980,3286,sao paulo,SP
f40e11fcab48bea5f847eff467a841a0,15b7e0241ca7d100323c22175cb50d74,25780,sao jose do vale do rio preto,RJ
f427fb5c3dde65b7d92a9bf57c2d9dd1,e4e1fdd77c8df5faf29c1a8f637b6afd,41650,salvador,BA
f4aafd406bb5c1eef5305b37167fb6be,1b30331141de478842873a312150e343,11070,santos,SP
f4fa54d46d7fb4d130ff9efdff0f8ac6,4b7485f738a6b25ccbe5ef32171e82e2,12247,sao jose dos campos,SP
f5215fbbc26bdb06f3474d90991abd26,23f44561d91345eda4c4649296b9d357,13472,americana,SP
f597e83c6b7cd1246669a2dd7ca42f0d,6ffb29dcadea9286f7b4425987408dba,13720,sao jose do rio pardo,SP
f59d1a0dc2219d4bdb4fc23f0d1d3c07,dbe1f72423b35ecd39ebd4170bed945c,21930,rio de janeiro,RJ
f5ae2322934eea77ddab0472112f1f3e,810d216af181c8e479ab32ba0eed8601,38412,uberlandia,MG
f5c69b009b68c89c1ea19a9311907436,d3f79d417a876b2f5a088818f555f662,74367,goiania,GO
f70caac357fd937a7c229b019eec9110,d014f51b7dd542baedb3b0699a2a53ba,2515,sao paulo,SP
f70e2487eb11214e14b72c1c6d340eee,f4d9ec9a7d7f8ab6869a1c454ca71b51,13211,jundiai,SP
f71306b04e49155a6c1511e4b01b6b23,1a189f701629ed12afdd77259dcbde0a,4134,sao paulo,SP
f7348d817315b78785d5c8389c26b998,a5f68028c4993483b7530b094f427744,4062,sao paulo,SP
f78f9e3b2e5a3060c957bf427cf94485,58bf69d651632f0a65f9550935e881c3,9060,santo andre,SP
f7a372c8cda1efcf20d6d6821d6606b9,438790b9e5fea9ff66469f2d3217d090,39270,pirapora,MG
f7eab7d0e27f9ebe87e9db3c3c01eee3,c4c643340c5d988d370b984a13ebea16,72120,brasilia,DF
f7fa32b05ba9474a22c7420310611fa5,ce41a50f9ff95ef577cb759483fe9165,39830,itambacuri,MG
f885939e50fde6a74d3f519be2be393c,d1ea8ba02023ddf35bae874631403403,4638,sao paulo,SP
f8b493e54698a4115ab6958d72e11b6c,d5ce12c78adbbc6c164c9a5afb6a057f,8310,sao paulo,SP
f9e5de2b9cdd6adc08fcf8a858a0c1a1,f16a7418dca2619d9524be10babfeb5f,75920,santa helena de goias,GO
f9f9943ef9d29a86f10de3b43cd84356,2b40d79d838a6fa4022ee7f7070bcd6d,18080,sorocaba,SP
fa02521db66aa21f86affb23282ebf15,0613323bd971009c4763e1981c8e3cfc,4844,sao paulo,SP
fa39cf8c2435c92c664ebb635024a56e,d201202e3b888f94826f1ddb27812480,38600,paracatu,MG
fa6fbbb2080646acae977bf2e44af98b,2fdac27295500e820e43910e9a0aa8d8,33400,lagoa santa,MG
faa60b8bd84596f71cefc77af1406537,c829de179bba16494e4aaaec90990508,73401,brasilia,DF
fae404931d0ce02b3ba34f98c86e3b92,419f63342f21ad180b017ef610bef095,7600,mairipora,SP
fb5a37c5751065b31f48a501d47eb1bc,a560432116ab4d14c43564e6ea2cba7c,76864,cujubim,RO
fb7400b8224647743c835eea88445704,b113df13863504cc368109fddd9eeb73,29230,anchieta,ES
fbcc01ea41e282f7de6a6161940f32b2,a9fe72dc8ea106e59176f5a9c4b84ea5,12305,jacarei,SP
fbccb4c4114a6cc6255e53ff1970cfd2,5b83a6e579043f9d293af671b3fde86a,4809,sao paulo,SP
fc583cfdde5d391a98d0f17d30209677,3a3cb373edfed9973ae634f8ef6084ed,30620,belo horizonte,MG
fc7d4defa8e1ac093d000adc4a69f99d,d6d9c59a188dac1abf22553499ee8aa3,41600,salvador,BA
fd50b5df0c554a9639f8f1afb5eb5fcd,22534f67ddbf35d6831b4b0d4beea813,81650,curitiba,PR
fdce8fd151f9263bb677e873409843dc,bc2327338c12e6b64702041b15db9d33,40760,salvador,BA
fe264284987dc83e9e0f12ba1f026994,9c06281cef67def8d1e7346ecde7df8c,14095,ribeirao preto,SP
fe42ad7f8642fe9ef02ba2463e58f69e,204793d34b6b7253137d15c7d22bcd66,11320,sao vicente,SP
fede16cecec9d02f2959cc9e262a4ec9,2a2516124968ae352470365881edee89,7044,guarulhos,SP
ff115ea880ba301e09b08f39f1aac7ca,11735373f5b94d71354f10d1fa2267b3,88390,barra velha,SC
ff55e4b1163819f09cb71434a8e72bff,c0c64d2ec7836c9a9f5be4dcff4ccd2e,29216,guarapari,ES
ffa9c472f0c81705a4d83f9f6463a9bc,224f5e4a7b773c07c2a8667e04ab6795,35040,governador valadares,MG
ffc1df0bc187796047379f3b99a4f08c,93d60512ee5495166c0cdb8a2764d5fd,3153,sao paulo,SP
ffd294eea523f67ee8c743d3a904ee20,f4b8c62563542dad472e6868bf8267cc,64048,teresina,PI
