seller_id,seller_zip_code_prefix,seller_city,seller_state
002100f778ceb8431b7a1020ff7ab48f,14405,franca,SP
004c9cd9d87a3c30c522c48c4fc07416,14940,ibitinga,SP
00ee68308b45bc5e2660cd833c3f81cc,3333,sao paulo,SP
00fc707aaaad2d31347cf883cd2dfe10,87025,maringa,PR
0176f73cc1195f367f7b32db1e5b3aa8,14940,ibitinga,SP
01fdefa7697d26ad920e9e0346d4bd1b,86050,londrina,PR
0241d4d5d36f10f80c644447315af0bd,80330,curitiba,PR
034b9387752bfa309f350a70cd45ffa3,89036,blumenau,SC
039b29ff3b3473435d0cd59040575de9,9443,ribeirao pires,SP
0417b067eeab773d2f7061a726dc477f,89288,sao bento do sul,SC
04308b1ee57b6625f47df1d56f00eedf,88215,bombinhas,SC
048c2757535328e0d7dac690ad3c0aae,14406,franca,SP
054694fa03fe82cec4b7551487331d74,15840,itajobi,SP
058fd0aa2bfdb2274e05e1ae971dabb6,9020,santo andre,SP
05d2173d43ea568aa0540eba70d2ca76,37135,alfenas,MG
05ff92fedb5be47920fea08e501238b9,98803,santo angelo,RS
066a6914e1ebf3ea95a216c73a986b91,85863,foz do iguacu,PR
0691148aee60ca47977c187804f935ae,86010,londrina,PR
06a2c3af7b3aee5d69171b0e14f0ee87,65072,sao luis,MA
06bb3a2fe5e7b7a845b13e8fb91bd944,31844,belo horizonte,MG
06e5eefc71ec47ae763c5c6f8db7064f,91350,porto alegre,RS
079d295dcbf06ee8bb1b65ba964eb2b6,2124,sao paulo,SP
07bf9669d84d1f11be443a9dd938f698,4761,sao paulo,SP
080102cd0a76b09e0dcf55fcacc60e05,31140,belo horizonte,MG
0887a9f087bcd5d9f6642b52f897fc6c,11990,cananeia,SP
099095b050cfe8eb1ddff5317587e96e,3322,sao paulo,SP
0adac9fbd9a2b63cccaac4f8756c1ca8,13290,louveira,SP
0ade5cc4a305ed7093a23f68ca47519c,81030,curitiba,PR
0afccdb8a34ee5c79f7c06faf2b4d56e,38400,uberlandia,MG
0b90b6df587eb83608a64ea8b390cf07,87025,maringa,PR
0bae85eb84b9fb3bd773911e89288d54,88301,itajai,SP
0be8ff43f22e456b4e0371b2245e4d01,4461,sao paulo,SP
0c7533c71df861ec58ad7ff999ed0e8d,13270,valinhos,SP
0c7f30ae9b147eca07affbef92832a6a,84020,ponta grossa,PR
0c8380b62e38e8a1e6adbeba7eb9688c,37410,tres coracoes,MG
0cbcee27c791afa0cdcb08587a2013a8,37410,tres coracoes,MG
0d33a55da925bbf1ff02af5f6059fc7f,5632,sao paulo,SP
0db783cfcd3b73998abc6e10e59a102f,11010,santos,SP
0ea22c1cfbdc755f86b9b54b39c16043,35700,sete lagoas,MG
0ef83d7d83ed97cd2a0049ac8be5f88a,80230,curitiba,PR
10076e5788b8ee532724bcd460baf762,14315,batatais,SP
1025f0e2d44d7041d6cf58b6550e0bfa,3204,sao paulo,SP
1127b7f2594683f2510f1c2c834a486b,13087,campinas,SP
113e3a788b935f48aad63e1c41dac1bd,12570,aparecida,SP
116ccb1a1604bc88e4d234a8c23f33de,9850,sao bernardo do campo,SP
128639473a139ac0f3e5f5ade55873a5,87050,maringa,PR
128f9bfbe4c7d5185033914b1de3d39a,12940,atibaia,SP
12b9676b00f60f3b700e83af21824c0e,95780,montenegro,RS
134b867a0f7f8bbe6abf10f91874891e,13272,valinhos,SP
138dbe45fc62f1e244378131a6801526,2215,sao paulo,SP
1464afc72f696af775557a821c2e253f,28630,nova friburgo,RJ
1554a68530182680ad5c8b042c3ab563,37580,monte siao,MG
16090f2ca825584b5a147ab24aa30c86,12940,atibaia,SP
17306570e772e7718c92a562d33f5f1d,17250,bariri,SP
179d859f51292aac5c10806a356f7af9,9411,ribeirao pires,SP
17a053fcb14bd219540cbde0df490be0,13843,mogi guacu,SP
17ca9b9e9b9ef8fdb529001b49ebb50f,32677,betim,MG
17e34d8224d27a541263c4c64b11a56b,14085,riberao preto,SP
1835b56ce799e6a4dc4eddc053f04066,14940,ibitinga,SP
189ca3538ce9f920cacf0f982cbe223b,3589,sao paulo,SP
18a349e75d307f4b4cc646a691ed4216,1319,sao paulo,SP
1900267e848ceeba8fa32d80c1a5f5a8,14940,ibitinga,SP
1a3df491d1c4f1589fc2b934ada68bf2,89224,joinville,SC
1a932caad4f9d804097d7f8e615baed1,2976,sao paulo,SP
1b4c3a6f53068f0b6944d2d005c9fc89,88730,sao ludgero,SC
1b8356dabde1d35e17cef975c3f82730,3477,sao paulo,SP
1b8b75e227c9a9c100d0c210fb6176ce,5468,sao paulo,SP
1b938a7ec6ac5061a66a3766e0e75f90,16304,penapolis,SP
1bb2bdb95f4841f1bba2c0d2cd83d3c9,1257,sao paulo,SP
1c129092bf23f28a5930387c980c0dfc,2972,sao paulo,SP
1c68394e931a64f90ea236c5ea590300,87114,sarandi,PR
1ca7077d890b907f89be8c954a02686a,6506,santana de parnaiba,SP
1cbd32d00d01bb8087a5eb088612fd9c,3363,sp / sp,SP
1cd9e0cc1839d55516843def5600816d,3951,sao paulo,SP
1d4587203296c8f4ad134dc286fa6db0,5101,sao paulo,SP
1d8dbc4f32378d715c717c1c1fc57bae,86706,arapongas,PR
1da3aeb70d7989d1e6d9b0e887f97c23,4265,sao paulo,SP
1dd33b8119b3cb1056ed5dc88cd0aaf4,4710,sao paulo,SP
1e8b33f18b4f7598d87f5cbee2282cc2,2066,sao paulo,SP
1eade46fba20122dc4aefb379f8c636b,2066,sao paulo,SP
1f50f920176fa81dab994f9023523100,15025,sao jose do rio preto,SP
1f9ab4708f3056ede07124aad39a2554,17602,tupa,SP
20d83f3ef0e6925fd74bfd59170babf7,2804,sao paulo,SP
2138ccb85b11a4ec1e37afbd1c8eda1f,8250,sao paulo,SP
218d46b86c1881d022bce9c68a7d4b15,14070,ribeirao preto,SP
21e83881401b92b49fb09a16d3852291,38405,uberlandia,MG
229c3efbfb0ea2058de4ccdfbc3d784a,30190,belo horizonte,MG
25c5c91f63607446a97b143d2d535d31,35680,itauna,MG
270297ead4c65a6cd2593960d2af6b21,4696,sao paulo,SP
2745f798279e0ed033addcc1474776d7,3106,sao paulo,SP
27a56ff04b34c2ba34ce6ba4d3b9d616,13033,campinas,SP
282c7480173bb9c01dd41cc739fec010,4795,sao paulo,SP
28405831a29823802aa22c084cfd0649,3644,sao paulo,SP
2a261b5b644fa05f4f2700eb93544f2c,13660,porto ferreira,SP
2a7dc43cecabf23403078e2188437d1d,4142,sao paulo,SP
2a84855fd20af891be03bc5924d2b453,30111,belo horizonte,MG
2b3e4a2a3ea8e01938cabda2a3e5cc79,4733,sao paulo,SP
2c9e548be18521d1c43cde1c582c6de8,8752,mogi das cruzes,SP
2e1c9f22be269ef4643f826c9e650a52,4850,sao paulo,SP
2e90cb1677d35cfe24eef47d441b7c87,2285,sao paulo,SP
2eb70248d66e0e3ef83659f71b244378,13101,campinas,SP
30829ded4523ab9224b93bc49a62c95f,95360,parai,RS
30a81d8cf85fb2ada1b1b094c9583a95,3563,sao paulo,SP
31344c16881c08a8a72c6d2eb29918c1,36500,uba,MG
31561f325664a8a7aba4c8d0c3a9b3db,3287,sao paulo,SP
318f287a62ab7ac10b703ac37435a231,4773,sao paulo,SP
31ae0774c17fabd06ff707cc5bde005f,13478,americana,SP
323ce52b5b81df2cd804b017b7f09aa7,3306,sao paulo,SP
32f1bb9dfa65bc7df5c0d9d95a616be4,4705,sao paulo,SP
33a17d60c64393351ebf1ef860f4e0f2,91510,porto alegre,RS
34d1ca11b242c0fee2c834ae8d788566,36415,congonhas,MG
3504c0cb71d7fa48d967e0e4c94d59d9,9350,maua,SP
36a968b544695394e4e9d7572688598f,11010,santos,SP
37515688008a7a40ac93e3b2e4ab203f,17900,dracena,SP
376a891762bbdecbc02b4b6adec3fdda,74323,goiania,GO
37be5a7c751166fbc5f8ccba4119e043,4248,sao paulo,SP
382229d1e840115ffe3dbf5ff460e417,23092,rio de janeiro,RJ
391fc6631aebcf3004804e51b40bcf1e,14940,ibitinga,SP
392e0502231ae2f8b29994ef6398cd77,18760,cerqueira cesar,SP
39d54ff918774174706fb065d7f9dc07,4243,sao paulo,SP
3a1a1fec38dd360f15fc912e821e169d,2451,sao paulo,SP
3a3c180dd702a725bd0ba4117689239e,84600,uniao da vitoria,PR
3c7c4a49ec3c6550809089c6a2ca9370,3804,sao paulo,SP
3d2400ac620cffa23ac81bd192f7f555,9810,sao bernardo do campo,SP
3d4824f20035949c710eaf111f869d39,18015,sorocaba,SP
3d871de0142ce09b7081e2b9d1733cb1,13232,campo limpo paulista,SP
3db66a856d18a9cba7c9241fc5221c50,35430,ponte nova,MG
41b39e28db005d9731d9d485a83b4c38,9220,santo andre,SP
42b729f859728f5079499127a9c2ef37,3910,sao paulo,SP
42ef3192a9ff87a22d1867b74b3ee205,9090,santo andre,SP
4305fe92735c8a43d154ff6dd2b8d927,35170,coronel fabriciano,MG
4371b634e0efc0e22b09b52907d9d469,2028,sao paulo,SP
44073f8b7e41514de3b7815dd0237f4f,71070,brasilia,DF
440dd6ab244315c632130ecfb63827b1,15502,votuporanga,SP
46dc3b2cc0980fb8ec44634e21d2718e,22240,rio de janeiro,RJ
47efca563408aae19bb7206c2d969ea9,64033,teresina,PI
48162d548f5b1b11b9d29d1e01f75a61,13403,piracicaba,SP
4830e40640734fc1c52cd21127c341d4,3573,sao paulo,SP
48436dade18ac8b2bce089ec2a041202,27277,volta redonda,SP
4869f7a5dfa277a7dca6462dcf3b52b2,14840,guariba,SP
4917cee8d902e13428c3ec4b1ca6f315,89031,blumenau,SC
4978a02ea9c8be7a9b5480680f40334e,8215,sao paulo,SP
4a3ca9315b744ce9f8e9374361493884,14940,ibitinga,SP
4a3ccda38b2129705f3fb522db62ca31,17504,marilia,SP
4b9750c8ad28220fe6702d4ecb7c898f,13484,limeira,SP
4c18691b6037662be2df78a765d98ab5,3167,sao paulo,SP
4c2b230173bb36f9b240f2b8ac11786e,3933,sao paulo,SP
4c498c7345e89aebad651544829beca0,6341,carapicuiba,SP
4d6d651bd7684af3fffabd5f08d12e5a,17209,jau,SP
4de6e4ba574aa9dfdc824bc44dc47fdd,83402,colombo,PR
4e06067cc08b3f41d837768d392c3ee3,32604,betim,MG
4e17c65a516f69d023a2ae78b84f28d6,8673,suzano,SP
4e7c18b98d84e05cbae3ff0ff03846c2,14882,jaboticabal,SP
4e8dacf3d38f281ae26c3e0321d92d88,8420,sao paulo,SP
4e922959ae960d389249c378d1c939f5,12327,jacarei,SP
4fe2f67634d00c021aa01f96b6f2d68e,87035,maringa,PR
516e7738bd8f735ac19a010ee5450d8d,22230,rio de janeiro,RJ
51702dc2a3e106c76dbff722b5bf0726,13835,conchal,SP
520b493b57809f446cb0a233bb3e25c7,11075,santos,SP
522620dcb18a6b31cd7bdf73665113a9,85801,cascavel,PR
527801b552d0077ffd170872eb49683b,17400,garca,SP
528ce32f560edd11add4169f6a5b65be,18130,sao roque,SP
52f0fe436a347ddad7ed5f9aa4e27eaa,1129,sao paulo,SP
530ec6109d11eaaf87999465c6afee01,85807,cascavel,PR
53243585a1d6dc2643021fd1853d8905,42738,lauro de freitas,BA
5343d0649eca2a983820bfe93fc4d17e,9270,santo andre,SP
534a01cc6df1e034e05c32028a291fa2,13214,jundiai,SP
537eb890efff034a88679788b647c564,20270,rio de janeiro,RJ
53e4c6e0f4312d4d2107a8c9cddf45cd,13920,pedreira,SP
54965bbe3e4f07ae045b90b0b8541f52,85851,foz do iguacu,PR
54a1852d1b8f10312c55e906355666ee,13456,santa barbara d'oeste,SP
5563732abe64c3036cb97ad924128dd1,7192,guarulhos,SP
55bb6fe5bebe5012e2d7d9928e1128ff,17052,bauru,SP
55d3daac7c404d59e51c2aa2f4dc5a23,2150,sao paulo,SP
562fc2f2c2863ab7e79a9e4388a58a14,13070,campinas,SP
5656537e588803a555b8eb41f07a944b,72015,brasilia,DF
5670f4db5b62c43d542e1b2d56b0cf7c,3694,sao paulo,SP
57c764b4a836300be881e2ff86e449f9,14021,ribeirao preto,SP
57e632711dec9ec14ca7546769483e7e,88372,navegantes,SC
582d4f8675b945722eda7c0cb61ba4c7,11250,bertioga,SP
58e4b302b54937e55a678c4d15111da4,83402,colombo,PR
59417c56835dd8e2e72f91f809cd4092,13480,limeira,SP
59b22a78efb79a4797979612b885db36,38414,uberlandia,MG
59fb871bf6f4522a87ba567b42dafecf,3655,sao paulo,SP
5b35136197710e16ac5e7b7c2bd4ea85,22640,rio de janeiro,RJ
5b581417df4480f632484ba681e53944,88050,florianopolis,SC
5b664594895aefb418afaee6d40a9a23,25750,petropolis,RJ
5b925e1d006e9476d738aa200751b73b,4567,sao paulo,SP
5bffbafbb22daf6d3bfc216a46db8708,26525,nilopolis,RJ
5c243662ce92d84573bfaff24c3e3700,3702,sao paulo,SP
5c853bb56f70f4d14218944bae111d7a,6715,cotia,SP
5cf1ec37aea089f45110c70653a166ab,2215,sao paulo,SP
5d0363b33554b373851fc1622e4d5f3c,12952,atibaia,SP
5dc203c7b84a0e71e878a179de05fb9a,17580,pompeia,SP
5dceca129747e92ff8ef7a997dc4f8ca,13450,santa barbara dÂ´oeste,SP
5debea795b07621e1f90532e18f96145,86800,apucarana,PR
5eeb9c756d9780b96283e5a2ac6da334,14010,ribeirao preto,SP
5f2684dab12e59f83bef73ae57724e45,5125,sao paulo,SP
5f3ae9136c875522250f8184f253413a,1550,sao paulo,SP
602044f2c16190c2c6e45eb35c2e21cb,14940,ibitinga,SP
6039e27294dc75811c0d8a39069f52c0,6162,osasco,SP
612170e34b97004b3ba37eae81836b4c,93542,novo hamburgo,RS
620c87c171fb2a6dd6e8bb4dec959fc6,25645,petropolis,RJ
624f4ece8da4aafb77699233d480f8ef,5138,sao paulo,SP
62d977e2b2aee830de3e039a28490d12,80410,curitiba,PR
6338ea67c41078a46ad99cc009654956,95170,farroupilha,RS
634964b17796e64304cadf1ad3050fb7,21840,rio de janeiro,RJ
63b464dbf392c7b80d12d932fa7cafed,2034,sao paulo,SP
643214e62b870443ccbe55ab29a4dccf,2134,sao paulo,SP
655220df33262c7e0c4949a147366f94,9951,diadema,SP
6560211a19b47992c3666cc44a7e94c0,5849,sao paulo,SP
657969cca82e884d272385ec0ef06edd,93608,estancia velha,RS
65a7c0788e4d632ccb5e1b594b87f0bb,5782,sao paulo,SP
66922902710d126a0e7d26b0e3805106,31842,belo horizonte,MG
669ae81880e08f269a64487cfb287169,89160,rio do sul,SC
670c26e0f1bf8d0576271d5cfaec6d2b,87025,maringa,PR
6973a06f484aacf400ece213dbf3d946,12230,sao jose dos campos,SP
6a8b085f816a1f75f92dbac6eb545f8f,14709,bebedouro,SP
6b243f80ed07b10f0e8aa0f21a205f3c,81825,curitiba,PR
6b3bd31ad8fcda4b2635ec9f3ff2ecdf,22775,rio de janeiro,RJ
6bb0724edf0b62fb91ac404873a97241,6700,cotia,SP
6c12e40690c335dbc2f68a4134d30dc1,84178,castro,PR
6c17baf138731a4aaacc3210adf2037b,14400,franca,SP
6c7d50c24b3ccd2fd83b44d8bb34e073,19025,presidente prudente,SP
6cd68b3ed6d59aaa9fece558ad360c0a,31255,belo horizonte,MG
6d988d6174a2c27441597174f8905515,87070,maringa,PR
6df688df543f90e9b38f4319e75a9d88,31230,belo horizonte,MG
6edacfd9f9074789dad6d62ba7950b9c,7135,guarulhos,SP
6ee85be3693ed79a8e80718743d80655,3937,sao paulo,SP
6fc26fe110feebd80a433e1f012a84f9,15601,fernandopolis,SP
6fd52c528dcb38be2eea044946b811f8,8180,sao paulo,SP
7008613ea464bad5cb9b83456e1e6a8f,89460,canoinhas,SC
701938c450705b8ae65fc923b70f35c7,15014,s jose do rio preto,SP
7040e82f899a04d1b434b795a43b4617,1026,sao paulo,SP
70a12e78e608ac31179aea7f8422044b,12327,jacarei,SP
70c27847eca8195c983ed7e798c56743,20930,rio de janeiro,RJ
710e3548e02bc1d2831dfc4f1b5b14d4,86600,rolandia,PR
7142540dd4c91e2237acb7e911c4eba2,16301,penapolis,SP
7178f9f4dd81dcef02f62acdf8151e01,89560,videira,SC
7202e2ba20579a9bd1acb29e61fe71f6,14401,franca,SP
725c32fa80c2faacc4fc88450d27314e,3320,sao paulo,SP
7299e27ed73d2ad986de7f7c77d919fa,38440,araguari,MG
729f06993dac8e860d4f02d7088ca48a,13481,limeira,SP
7354220fb240bde543b3c40c060d41e7,71215,brasilia,DF
74871d19219c7d518d0090283e03c137,4650,sao paulo,SP
7681ef142fd2c19048da7430856b5588,7074,guarulhos,SP
76d5af76d0271110f9af36c92573f765,3194,sao paulo,SP
76ea5315acb3f5f7ade3cd261faf922a,4213,sao paulo,SP
77530e9772f57a62c906e1c21538ab82,80310,curitiba,PR
77e4abfd739aed9c46480f90f81c0eb4,70767,brasilia,DF
78a4d36f65a019172c6154468831a69f,17018,bauru,SP
78c99c6dff4eeae5be99bf635ed21e3f,17510,marilia,SP
7901646fdd36a55f564ffaf2dbccaaf7,20021,rio de janeiro,RJ
79565f7d5603b24ddf07ade262547f2f,14804,araraquara,SP
79ebd9a61bac3eaf882805ed4ecfa12a,85802,cascavel,PR
7a67c85e85bb2ce8582c35f2203ad736,3426,sao paulo,SP
7aa4334be125fcdd2ba64b3180029f14,18500,laranjal paulista,SP
7ad32824caee82087b3e2e5f33b1bf32,14940,ibitinga,SP
7b07b3c7487f0ea825fc6df75abd658b,2016,sao paulo,SP
7b1222c3624aa89b9558b50a2594188c,15041,sao jose do rio preto,SP
7c4618c82226628831613e95e9c22f44,18136,sao roque,SP
7c67e1448b00f6e969d365cea6b010ab,8577,itaquaquecetuba,SP
7d13fca15225358621be4086e1eb0964,14050,ribeirao preto,SP
7d76b645482be4a332374e8223836592,1511,sao paulo,SP
7ddcbb64b5bc1ef36ca8c151f6ec77df,4403,sao paulo,SP
7e1fb0a3ebfb01ffb3a7dae98bf3238d,14403,franca,SP
7e26c750b4cb9f6766f58265ff9ebe95,30270,belo horizonte,MG
7e93a43ef30c4f03f38b393420bc753a,6429,barueri,SP
7ea5bfa6c340f58f8e71fc1f0412b0d6,30180,belo horizonte,MG
7ecef8194babfec876ca720714327841,13041,campinas,SP
80e6699fe29150b372a0c8a1ebf7dcc8,83323,pinhais,PR
813348c996469b40f2e028d5429d3495,13206,jundiai,SP
81336a0f57a33776419727a300249e90,13560,sao carlos,SP
8160255418d5aaa7dbdc9f4c64ebda44,14940,ibitinga,SP
81783131d2a97c8d44d406a4be81b5d9,18015,sorocaba,SP
81a1104df0f08b59c68aa5b03cfe398e,83020,sao jose dos pinhais,PR
82cb9f452fe8334df74b22d37824b431,95013,caxias do sul,RS
835f0f7810c76831d6c7d24c7a646d4d,8030,sao paulo,SP
850f4f8af5ea87287ac68de36e29107f,4367,sao paulo,SP
851773c885feb5e2da3b4f82bc2b17ce,18683,lencois paulista,SP
855668e0971d4dfd7bef1b6a4133b41b,13257,itatiba,SP
8581055ce74af1daba164fdbd55a40de,7112,guarulhos,SP
85d9eb9ddc5d00ca9336a2219c97bb13,31255,belo horizonte,MG
8648b1e89e9b349e32d3741b30ec737e,12308,jacarei,SP
87142160b41353c4e5fca2360caf6f92,90230,porto alegre,RS
88460e8ebdecbfecb5f9601833981930,87030,maringa,PR
897060da8b9a21f655304d50fd935913,14092,ribeirao preto,SP
89d9a386b0b6e5fc8403071b03f7206a,3103,sao paulo,SP
8a32e327fe2c1b3511609d81aaf9f042,2443,sao paulo,SP
8a432f4e5b471f8da497d7dc517666e2,19042,presidente prudente,SP
8ab42aa58097fd4668d60cc648225d5f,74150,goiania,GO
8ae520247981aa06bc94abddf5f46d34,88370,navegantes,SC
8b28d096634035667e8263d57ba3368c,12243,sao jose dos campos,SP
8b321bb669392f5163d04c59e235e066,1212,sao paulo,SP
8b9d6eec4a7eb7d0f9d579ce0b38324d,26562,mesquita,RJ
8bb48dc19fccaa8613b6229bf7f452a2,19803,assis,SP
8bd0e3abda539b9479c4b44a691be1ec,98910,tres de maio,RS
8c16d1f32a54d92897cc437244442e1b,89023,blumenau,SC
8d79c8a04e42d722a75097ce5cbcf2ef,61658,caucaia,CE
8d956fec2e4337affcb520f56fd8cbfd,9780,sao bernardo do campo,SP
8dd386be0767c330276ea6a3f96532d3,88490,paulo lopes,SC
8e6d7754bc7e0f22c96d255ebda59eba,12233,sao jose dos campos,SP
8e8a7ce9f2f970dc00e2acf6f6e199f6,24710,sao goncalo,RJ
8f119a0aee85c0c8fc534629734e94fd,6440,barueri,SP
8f2ce03f928b567e3d56181ae20ae952,5141,pirituba,SP
903037660cf848a717166eb7a06d616e,5734,sao paulo,SP
916c9de0b5ad957346eeeb12f332687e,80240,curitiba,PR
91f848e9f4be368f4318775aac733370,3029,sao paulo,SP
92eb0f42c21942b6552362b9b114707d,3504,sao paulo,SP
93bef6edaa84956e8e575016449b6351,3568,sao paulo,SP
93dc87703c046b603023e75222018b45,30315,belo horizonte,MG
94144541854e298c2d976cb893b81343,94451,viamao,RS
9449f25aeaf531019b76999ea49a6949,21040,rio de janeiro,RJ
9485a23c0430ba1d58d359391606fce6,9015,santo andre,SP
94b9108d4b637ba65bb4f1e53cfcf8d8,7221,guarulhos,SP
955fee9216a65b617aa5c0531780ce60,4782,sao paulo,SP
9616352088dcf83a7c06637f4ebf1c80,87504,umuarama,PR
96493fab2fbb13a14d0c0e8772eef5c3,5537,sao paulo,SP
9674754b5a0cb32b638cec001178f799,4438,sao paulo,SP
972d0f9cf61b499a4812cf0bfa3ad3c4,88359,brusque,SC
97e4a63591ca439a2b8b7efd20e6e19e,20520,rio de janeiro,RJ
989becdce12ebc39863c2bceab6f3ca1,81730,curitiba,PR
98dac6635aee4995d501a3972e047414,2030,sao paulo,SP
9ac4f14370b1e24ddc58be041b7f99df,76330,jaragua,GO
9b013e03b2ab786505a1d3b5c0756754,11450,vicente de carvalho,SP
9baf5cb77970f539089d09a38bcec5c3,13330,indaiatuba,SP
9bcdfa7b615b3abb9461d9e3ad9886ae,89053,blumenau,SC
9c0e69c7bf2619675bbadf47b43f655a,12230,sao jose dos campos,SP
9c3c24eca51c52b91c1de727d2a2ae06,95020,caxias do sul,RS
9d4db00d65d7760644ac0c14edb5fd86,18025,sorocaba,SP
9d5a9018aee56acb367ba9c3f05d1d6a,74930,aparecida de goiania,GO
9dd59e43f0c9f0553244e8f9c2fb247e,85851,foz do iguacu,PR
9e6229250fedbe05838fef417b74e7fb,16800,mirandopolis,SP
9f505651f4a6abe901a56cdc21508025,4102,sao paulo,SP
a06c8ff043abea0528ee44171e2140a2,35501,divinopolis,MG
a1043bafd471dff536d0c462352beb48,37175,ilicinea,MG
a2e874074c877c5a05abae80ad6e488f,15070,sao jose do rio preto,SP
a3a38f4affed601eb87a97788c949667,89204,joinville,SC
a3e9a2c700480d9bb01fba070ba80a0e,14940,ibitinga,SP
a416b6a846a11724393025641d4edd5e,3702,sao paulo,SP
a5cba26a62b8b4d0145b68b841e62e7f,87303,campo mourao,PR
a673821011d0cec28146ea42f5ab767f,3809,sao paulo,SP
a7c88262832dfc683781d6a421edefae,8710,mogi das cruzes,SP
a7f13822ceb966b076af67121f87b063,8577,itaquaquecetuba,SP
aac29b1b99776be73c3049939652091d,38408,uberlandia,MG
aafe36600ce604f205b86b5084d3d767,88115,sao jose,SC
ab3e0c171fe84a7ba7de130f19cfb485,86690,colorado,PR
aba1721a889e04decc910aa13b768ef4,5729,sao paulo,SP
ac3508719a1d8f5b7614b798f70af136,92030,canoas,RS
aced59e9b31ef866a94f9e7f29d8d418,3306,sao paulo,SP
afe0067131b73e40875c9b6c10bd2e21,35590,lagoa da prata,MG
b14db04aa7881970e83ffa9426897925,18048,sorocaba,SP
b18dc380845b24038cfc48006478f099,9951,diadema,SP
b1ac6ea7895bc3dd6f0f6f4abbdd2821,92030,canoas,RS
b2a6d334e2833acea353624840e25a0e,4133,sao paulo,SP
b2ba3715d723d245138f291a6fe42594,3470,sao paulo,SP
b32be1695eb7ec5f10f72d9610a12527,95012,caxias do sul,RS
b33e7c55446eabf8fe1a42d037ac7d6d,14850,pradopolis,SP
b3e2faf2c1004d674f16a3aa3197f0e1,14093,ribeirao preto,SP
b499c00f28f4b7069ff6550af8c1348a,13481,limeira,SP
b4ffb71f0cb1b1c3d63fad021ecf93e1,3880,sao paulo,SP
b561927807645834b59ef0d16ba55a24,2955,sao paulo,SP
b56906f7fd1696e043f1bcce164c487b,19830,echapora,SP
b64d51f0435e884e8de603b1655155ae,7077,garulhos,SP
b74d1c09cb380e1d03a6f859c6f4224b,20061,rio de janeiro,RJ
b8555308bfdb4ca1ed54325a58da9a97,9751,sao bernardo do campo,SP
b90e891671cffd9557f33a97dc523645,83010,sao jose dos pinhais,PR
b92e3c8f9738272ff7c59e111e108d7c,36502,uba,MG
bacb1f0ed56ad24198f5810d2b3fe9a5,12328,jacarei,SP
bbad7e518d7af88a0897397ffdca1979,1512,sao paulo,SP
bc302730ea8cf49b5c74f579febb5bbf,13015,campinas,SP
bd149ed516d4c5d418d5781f8e18919f,7241,guarulhos,SP
bd23da7354813347129d751591d1a6e2,3971,sao paulo,SP
bd4889b5e9133b35b66e42a8665cea5c,2963,sao paulo,SP
be8e909810184b9b19e886129149d8e5,13418,piracicaba,SP
beadbee30901a7f61d031b6b686095ad,7097,guarulhos,SP
bf84056e679dbe9c69929847a40e338f,2537,sao paulo,SP
bfd27a966d91cfaafdb25d076585f0da,13930,serra negra,SP
c003204e1ab016dfa150abc119207b24,7790,cajamar,SP
c0098efcf800861dcae589affca31408,14080,ribeirao preto,SP
c2d70ce2c5d0a2eb75e78668236e6dc8,4275,sao paulo,SP
c31eff8334d6b3047ed34bebd4d62c36,13322,salto,SP
c33847515fa6305ce6feb1e818569f13,88359,brusque,SC
c35affa65afd250151285c5917fc1c8a,8050,sao paluo,SP
c3867b4666c7d76867627c2f7fb22e21,14580,guara,SP
c60b801f2d52c7f7f91de00870882a75,7174,guarulhos,SP
c6218512d16fcac0af02fe92691cf274,32315,contagem,MG
c6bda72e4dbf5c5866b13cb1810c6d03,3087,sao paulo,SP
c70c1b0d8ca86052f45a432a38b73958,13186,hortolandia,SP
c826c40d7b19f62a09e2d7c5e7295ee2,7133,guarulhos,SP
c8417879a15366a17c30af34c798c332,4445,sao paulo,SP
c864036feaab8c1659f65ea4faebe1da,83605,campo largo,PR
c8b0e2b0a7095e5d8219575d5e7e1181,8598,itaquaquecetuba,SP
c8b3445d737de6befde0c88ede534a5e,5734,sao paulo,SP
c9aafcd0621b2207c10e32c649cada4d,8011,sao paulo,SP
ca4b77513ac2040591b0d8fae6958380,9190,sando andre,SP
cab85505710c7cb9b720bceb52b01cee,2252,sao paulo,SP
cac4c8e7b1ca6252d8f20b2fc1a2e4af,13347,indaiatuba,SP
cb3dd9ce66268c7a3ca7241ac70ab58c,3028,sao paulo,SP
cb8bcce248bb1fb274ba762d8b971456,37540,santa rita do sapucai,MG
cbd996ad3c1b7dc71fd0e5f5df9087e2,15081,sao jose do rio preto,SP
cbf09e831b0c11f6f23ffb51004db972,9726,sbc/sp,SP
cc419e0650a3c5ba77189a1882b7556a,9015,santo andre,SP
cca3071e3e9bb7d12640c9fbe2301306,14940,ibitinga,SP
ccc4bbb5f32a6ab2b7066a4130f114e3,80310,curitiba,PR
cd06602b43d8800bd0afad514919d35c,4119,sao paulo,SP
cd68562d3f44870c08922d380acae552,14050,ribeirao preto,SP
cd6efc47efaabf134f8bdb654e10b4f1,23050,rio de janeiro,RJ
ce248b21cb2adc36282ede306b7660e5,89251,jaragua do sul,SC
ce27a3cc3c8cc1ea79d11e561e9bebb6,3006,sao paulo,SP
ce616e1913288884e7742faac9d981db,6711,cotia,SP
ce7d1888639e6fb06b2749cbfdac1ff7,37443,baependi,MG
cfb1a033743668a192316f3c6d1d2671,18110,votorantim,SP
d05ae8f7a5bd1d2a690a44cd079e4e27,22775,rio de janeiro,RJ
d12c926d74ceff0a90a21184466ce161,2634,sao paulo,SP
d13e50eaa47b4cbe9eb81465865d8cfc,9210,santo andre,SP
d1b65fc7debc3361ea86b5f14c68d2e2,13844,mogi guacu,SP
d1c281d3ae149232351cd8c8cc885f0d,14940,ibitinga,SP
d23019c84ffae2d5ef2270367b8605fc,86073,londrina,PR
d2374cbcbb3ca4ab1086534108cc3ab7,14940,ibitinga,SP
d25aa0aaacb370e912f8cf6efeba38b3,89108,massaranduba,SC
d263fa444c1504a75cbca5cc465f592a,13478,americana,SP
d3674f271c91f824f82d24d92011f669,72233,brasilia,DF
d379f449f2a3b271bc01c0782020f705,35500,divinopolis,MG
d50d79cb34e38265a8649c383dcffd48,8290,sao paulo,SP
d51e0a403fe2e689ece6c73359d96e12,17580,pompeia,SP
d566c37fa119d5e66c4e9052e83ee4ea,4131,sao paulo,SP
d5ba419e26d246a0719437cf37d9b46d,3437,sao paulo,SP
d66c11a9572221d92fbb8c4897db5f9b,20770,rio de janeiro,RJ
d8c7ba53e7e38711eaef8c2849d6d2e1,87120,floresta,PR
d91fb3b7d041e83b64a00a3edfb37e4f,11704,praia grande,SP
d93919c944be9cff128f6c9cb899eacb,13375,mombuca,SP
d94a40fd42351c259927028d163af842,37443,baependi,MG
d97df38225e5abadaff1e72cb72b823c,9560,sao caetano do sul,SP
d98eec89afa3380e14463da2aabaea72,90010,porto alegre,RS
da8622b14eb17ae2831f4ac5b9dab84a,13405,piracicaba,SP
db2956745b3a8e9f3785c99f34b5d25e,11600,sao sebastiao,SP
db4350fd57ae30082dec7acbaacc17f9,3126,sao paulo,SP
dbc22125167c298ef99da25668e1011f,37564,borda da mata,MG
dbdd0ec73a4817971d962698f2fea022,60710,fortaleza,CE
dc4a0fc896dc34b0d5bfec8438291c80,14940,ibitinga,SP
dd2bdf855a9172734fbc3744021ae9b9,31255,belo horizonte,MG
dd7ddc04e1b6c2c614352b383efe2d36,3471,sao paulo,SP
de23c3b98a88888289c6f5cc1209054a,5530,sao paulo,SP
de722cd6dad950a92b7d4f82673f8833,51250,recife,PE
dee656f0f566ed1aa85bd137c943f08f,12701,cruzeiro,SP
df560393f3a51e74553ab94004ba5c87,87900,loanda,PR
dfa0c4c6229ab200a4a1336b4d7128ff,88085,florianopolis,SC
dfc475d54e1b6dbeeb7d7d9bdaa63827,81460,curitiba,PR
dfc5fb7259bb2b599ca565e6e9448f0f,9780,sao bernardo do campo,SP
e067ad2c1c0b48758eb1b5228bcf7a68,11045,santos,SP
e06f09ec0a4aca210779cf1cfc63cf19,4773,sao paulo,SP
e0a366315b1b726b6c7832d664c0f530,2258,sao paulo,SP
e24fc9fcd865784fb25705606fe3dfe7,12913,braganca paulista,SP
e26901d5ab434ce92fd9b5c256820a4e,9350,maua,SP
e2aee0892199b1d92530e371abd825bf,86600,rolandia,PR
e333046ce6517bd8bb510291d44f0130,18950,ipaussu,SP
e59aa562b9f8076dd550fcddf0e73491,82810,curitiba,PR
e5a3438891c0bfdb9394643f95273d8e,13483,limeira,SP
e601b04acf48b4576e73ddca9481f0dc,4476,sao paulo,SP
e627629ba868740e287800f1a9be81c2,1421,sao paulo,SP
e62b2d6ac10570a035a30bafcf01d263,5767,sao paulo,SP
e63e8bfa530fb16910dd6956e592bb81,7160,guarulhos,SP
e882b2a25a10b9c057cc49695f222c19,25963,teresopolis,RJ
e89c4adbe7b1d0819dbb636e16461cf1,13347,indaiatuba,SP
e8b3a3a38279a82f0e5d006d5e5b7d2c,87230,jussara,PR
e8b4225284fbb02d16f200513f1f395d,14960,novo horizonte,SP
e9779976487b77c6d4ac45f75ec7afe9,11701,praia grande,SP
e9d99831abad74458942f21e16f33f92,3542,sao paulo,SP
ea566164622c6b439516ab18062c42cd,5303,sao  paulo,SP
ea8482cd71df3c1969d7b9473ff13abc,4160,sao paulo,SP
eb3071b9f0b0ddaa2df5ea130f09f26b,4281,sao paulo,SP
ebd2d60905fb58271facef5596b620d3,18683,lencois paulista,SP
ec2e006556300a79a5a91e4876ab3a56,3445,sao paulo,SP
ec933281fb017b5020d06df29c3f77e8,3820,sao paulo,SP
ececbfcff9804a2d6b40f589df8eef2b,14407,franca,SP
eeb6de78f79159600292e314a77cbd18,88501,lages,SC
ef0ace09169ac090589d85746e3e036f,24451,sao goncalo,RJ
efcd8d2104f1a05d028af7bad20d974b,16012,aracatuba,SP
f0b47fbbc6dee9aafe415a6e33051b3f,9360,maua,SP
f0ec78809fe0bc3edb11c9fe5b97b059,4291,sao paulo,SP
f19516b9ff26bfeb091b30108db4ddbd,13160,artur nogueira,SP
f262cbc1c910c83959f849465454ddd3,3564,sao paulo,SP
f27e33c6d29b5138fa9967bcd445b6d5,4273,sao paulo,SP
f3055483058c84d75ca2a3314fb4deef,40368,salvador,BA
f3c38ab652836d21de61fb8314b69182,1206,sao paulo,SP
f3da5b2ff499efb8d4a6d371d175d7dd,2407,sao paulo,SP
f41ce2e25237f9092cd8e6e7516c7a2f,7013,guarulhos,SP
f45122a9ab94eb4f3f8953578bc0c560,13419,piracicaba,SP
f457c46070d02cadd8a68551231220dd,87047,maringa,PR
f46490624488d3ff7ce78613913a7711,7194,guarulhos,SP
f4aba7c0bca51484c30ab7bdc34bcdd1,1031,sao paulo,SP
f4db9b37944bcb8873e6b456ee190bbf,8599,itaquaquecetuba,SP
f5a590cf36251cf1162ea35bef76fe84,9720,sao bernardo do campo,SP
f5f1f2c5f923f36ad79ea1d07185ddc9,19820,taruma,SP
f615fe7efbef0f4f08fd3086bc7a3e60,12940,atibaia,SP
f626e15b7314c267e4429010866f70e9,85960,marechal candido rondon,SP
f62d7bb4a613ec758a03342d46b580b2,36570,vicosa,MG
f7720c4fa8e3aba4546301ab80ea1f1b,81350,curitiba,PR
f789d2c4f2c2eb38fc4373e7a4b35264,36010,juiz de fora,MG
f7ba60f8c3f99e7ee4042fdef03b70c4,9628,sao bernardo do campo,SP
f80edd2c5aaa505cc4b0a3b219abf4b8,3431,sao paulo,SP
f84a00e60c73a49e7e851c9bdca3a5bb,20756,rio de janeiro,RJ
f8db351d8c4c4c22c6835c19a46f01b0,13324,salto,SP
f97e2b0650c2068227e1d366140eb62f,13830,santo antonio de posse,SP
fa1a9dec3a9940c072684a46728bf1fc,88820,icara,SC
fa1c13f2614d7b5c4749cbc52fecda94,13170,sumare,SP
fa40cc5b934574b62717c68f3d678b6d,2310,sao paulo,SP
fad44952713764836814be105382aee5,21340,rio de janeiro,RJ
fc906263ca5083d09dce42fe02247800,31030,belo horizonte,MG
fc99f99385ae90f66f01733856fb88c9,18550,boituva,SP
fcb5ace8bcc92f75707dc0f01a27d269,7032,guarulhos,SP
fdb9095204a334cd8872252ffec6f2db,3331,sao paulo,SP
fde0cc9ea29c8ccfc0a2c22256a58c71,81650,curitiba,PR
fe2032dab1a61af8794248c8196565c9,13030,campinas,SP
fe49ee029e61e789a1f3a5525f57ba8d,6018,osasco,SP
fe701d88b67eaca109dffd464d1be9f9,24900,marica,RJ
ffc470761de7d0232558ba5e786e57b7,7091,guarulhos,SP
ffeee66ac5d5a62fe688b9d26f83f534,15130,mirassol,SP
