product_id,product_category_name,product_name_lenght,product_description_lenght,product_photos_qty,product_weight_g,product_length_cm,product_height_cm,product_width_cm
00989337a1916a0055eedd1fdb35eb53,moveis_decoracao,55,373,1,800,40,5,11
0110573bc9195aa810a4384f189f48f5,moveis_decoracao,63,213,1,3900,63,11,43
016711f78a6a87696645db0a6a834826,beleza_saude,14,1366,2,1150,27,22,39
0168e1b28d8e55a515928cf656eff0a4,automotivo,50,340,1,950,22,19,19
01847cb3f55acfd629641e58e38e561e,ferramentas_jardim,54,1231,6,800,17,10,12
026b77b15418f2a8114dfb0026739be4,esporte_lazer,56,3161,1,378,21,14,14
0296dd002a346e3bbdda4e0bc48a5073,moveis_quarto,43,1527,4,13450,76,14,56
038467f26869173dd87434ae02199a40,utilidades_domesticas,28,913,3,500,18,21,20
03aad9707028422f38b0563410912177,cama_mesa_banho,49,591,1,1500,38,11,30
03b58043df5d7424df7eac2be2511c51,cool_stuff,56,645,2,1650,30,4,30
03d10117bf5dbd1e4f194566be73de5a,cama_mesa_banho,53,255,1,2350,45,15,35
03e1c946c0ddfc58724ff262aef08dff,utilidades_domesticas,46,465,1,550,16,22,12
03ed331c2c9bb4cd5c3d986928bc8d9c,automotivo,56,343,6,600,28,4,16
046eee903d62294ffad4e38ae6aa730e,cama_mesa_banho,32,219,1,9325,50,18,28
04b48e86a968cfe620da1cab5c7556ae,beleza_saude,28,648,1,630,21,12,15
05237facc08e138d9cec4742f145cc00,cool_stuff,48,163,3,533,23,21,21
0587bd8ea43108a16104b1430c15b283,utilidades_domesticas,42,799,4,9950,31,61,31
059344baebbeaa42fa9f2bbe11b1583e,construcao_ferramentas_iluminacao,55,1548,4,1400,24,15,38
060c17562f97e5bb60bc0dfa4dd5b3f2,informatica_acessorios,40,675,1,150,18,6,14
061c050147b7b9fb6f088593900e8dc6,fashion_bolsas_e_acessorios,48,150,2,400,16,5,16
06484143f7046fc1c2ec000aba13e28a,esporte_lazer,38,912,1,900,16,20,20
06a63a471d8a08878526b37a1baa66a5,perfumaria,48,1263,3,700,16,16,16
06c6e01186af8b98ee1fc9e01f9471e9,informatica_acessorios,53,144,2,200,25,5,15
06e73ddcb54620a36bfdb2e073c4dc40,fashion_bolsas_e_acessorios,48,357,5,150,16,9,11
06edb72f1e0c64b14c5b79353f7abea3,cama_mesa_banho,39,161,2,350,25,8,19
0705b33fb285827a578fce4899f1b921,esporte_lazer,35,650,1,400,95,6,47
071b5dd29feece041c356d172474b113,cine_foto,51,905,3,650,45,12,12
071b82cad6de748755bb587ff3feec2e,cool_stuff,60,797,2,4700,42,25,15
07212eaf1754d46acd245fe7346b8d41,ferramentas_jardim,58,514,2,400,40,10,20
072beb18e7e338f786c4984843463ea9,beleza_saude,52,1877,1,325,16,16,16
076743539f8476d5c8a1e4e7b62ffc26,moveis_decoracao,57,108,11,3000,40,8,35
07b90e3c7e287977b2e8cd54a98ddb89,ferramentas_jardim,45,821,2,500,20,20,20
07c055536ebf10dfbb6c6db6dbfc36e5,moveis_decoracao,59,473,1,600,30,3,20
08a58dc963320d6073623382b9ceb920,informatica_acessorios,56,2590,5,400,17,7,13
09f6dccfebfa0688abfc1af640b69e61,esporte_lazer,15,328,2,150,28,5,14
0a1902453c06a6bb74a24a4fc60d1611,utilidades_domesticas,41,74,5,200,18,4,12
0a4093a4af429dc0a9334300e5c13ae5,beleza_saude,56,389,1,300,16,5,15
0a69d717eddde56680a2f9af307f2b05,beleza_saude,18,824,2,440,18,16,16
0a74b9407eaec9d6c760a1e92c10d96c,consoles_games,50,269,1,675,25,14,25
0b18bdc51d81f585573501ece135a6fd,construcao_ferramentas_jardim,36,1041,1,500,17,17,16
0b2c18d8e73e17348a011241525cb089,relogios_presentes,60,1008,8,400,16,2,20
0b3f6a2323c814e1b19fd44838c160ef,cama_mesa_banho,52,642,1,550,16,10,16
0bb7cb61f1957f79dac582ab66ccdc1f,utilidades_domesticas,45,561,2,553,18,9,15
0bdd9a52d192d64770e33ae559512478,relogios_presentes,55,324,5,250,16,2,20
0c11c1f74fff6ffafd9ad22804132dac,market_place,33,738,9,297,24,13,19
0c46bfb6210825d07804a6d4f81a5a92,beleza_saude,54,1616,3,625,28,19,16
0c4709ae5ad2750dd34dbaff9d5bbd3d,telefonia,60,776,6,300,17,4,12
0c71252f37443403376d2008034a7240,pet_shop,41,947,1,156,18,10,14
0c94697916cc03dfc45581f1e3d96c10,automotivo,55,450,4,63,21,2,15
0cb255418b89587f063171ca707b85e7,construcao_ferramentas_construcao,31,2002,1,750,16,12,11
0ceb0bfefd73a9c9dc6f918182841cc1,,,,,200,16,7,11
0cf41187284d7f099adc8415a743ebbd,bebes,60,644,1,300,16,16,16
0d77de0f4137ba0f89d3d25191ce4788,automotivo,58,537,2,200,16,16,11
0d826eba8e0a2ae3bca9e3a947dd756d,brinquedos,50,423,4,250,20,14,12
0df80257de6a3154415598a80718fb81,eletronicos,31,374,1,100,25,7,16
0e1694ea20b32def37ee9eec200f9a5c,esporte_lazer,33,250,2,300,16,15,11
0e2d365a247d105fefc31b17ab8706d9,perfumaria,35,503,1,430,21,11,17
0e87ff05afa3ddd73b7920ff4587e0a4,cool_stuff,48,2067,1,1650,33,44,19
0eb8e03d4ef83152c4642b606b5bbdec,moveis_decoracao,47,348,1,2900,40,10,35
0ec63d4c614fff936b02b10d242bf955,moveis_decoracao,59,457,3,1350,45,15,35
0f3f3612d3a594da318f0f7b175a9c14,relogios_presentes,55,1057,1,350,28,10,18
0fc6914383c2bea767a9562c9d8b43a1,informatica_acessorios,52,644,4,338,32,6,36
106392145fca363410d287a815be6de4,cama_mesa_banho,58,309,1,2083,12,2,7
10717ff440b2320081989126e858b220,cama_mesa_banho,52,263,1,4867,70,16,50
10adb53d8faa890ca7c2f0cbcb68d777,cama_mesa_banho,52,155,1,200,16,10,16
11810c1eaac441e272977edc26016b38,fashion_bolsas_e_acessorios,50,1359,1,200,16,2,11
11875b30b49585209e608f40e8082e65,esporte_lazer,26,1465,1,1032,17,15,16
11a8af1af041fa2d890e7922566feadb,fashion_bolsas_e_acessorios,52,264,5,200,16,6,11
11dc4053871ff53ff79fb1fc7e6b160f,esporte_lazer,29,347,1,1600,100,7,11
12485f9cdebb6ca179826ede539554ad,climatizacao,56,1001,4,7300,26,26,56
125038493b2c4e27fa12194038806161,papelaria,56,303,3,1500,38,30,28
12760bcacfaaf1457bc36e601e26dc79,utilidades_domesticas,42,991,3,200,30,10,15
127c0cde3ea832c4c4901159cf902d0e,informatica_acessorios,59,3723,1,750,16,9,12
12b5c5d13512ad7cae70181fc503f42e,automotivo,51,2651,4,300,16,11,11
12f3396e4e36112d4155e0c51ee35ed9,telefonia,52,616,1,200,21,11,13
130482add9fd75ccb6c57ba007694a2d,informatica_acessorios,55,60,1,2800,40,15,40
133f594a246e5c52489304a4b5a39830,dvds_blu_ray,48,354,1,200,20,2,15
1347d4320dcd0acd750e37bb3d94a918,eletrodomesticos,54,780,5,7600,30,50,40
13944d17b257432717fd260e69853140,cama_mesa_banho,48,203,1,400,35,5,24
13b327c2193f552f00ec5b1e442f52b2,beleza_saude,18,1736,1,2500,18,27,20
14132fa6062431ce5af633fd3368f0ee,pet_shop,38,346,1,833,60,8,49
14137f0fd56e4d0b8102dcfcc9b0a4fe,beleza_saude,41,801,1,240,19,12,14
141a1bbd15437e6ce4765f29d126ef67,esporte_lazer,47,456,1,200,20,6,16
142def78f5d245670dbb99d00cd6e175,ferramentas_jardim,54,1313,2,900,20,20,20
143bc7fcaf6929ef5979e58abf39d4ed,moveis_escritorio,40,1189,1,18225,38,54,38
144e17b0496772329803ee3007951ec8,cama_mesa_banho,45,172,1,1221,40,12,40
1501b0033c68a37fa9560033a440e529,eletroportateis,58,1160,6,410,24,22,17
1522589c64efd46731d3522568e5bc83,artigos_de_natal,35,415,4,550,37,10,37
154e7e31ebfa092203795c972e5804a6,beleza_saude,48,575,1,100,20,15,15
1556a0ea84fd60589afa0d9618c47505,beleza_saude,53,3527,2,275,30,25,25
156b348a4e7d61007fc06135f8a204b2,moveis_decoracao,57,1699,1,1000,60,11,11
156fef830e2c8871e3f1bf4dadf8e312,esporte_lazer,54,436,1,1000,40,20,20
158102fe543dbaeb84d87811bfe06d0d,moveis_decoracao,56,646,1,300,16,30,20
1613b819ab5dae53aead2dbb4ebdb378,automotivo,60,982,2,50,17,10,15
165f86fe8b799a708a20ee4ba125c289,cool_stuff,40,1456,1,2425,29,30,19
16c4e87b98a9370a9cbc3a4658a3f45b,instrumentos_musicais,53,1935,1,18000,105,30,40
171b509779ad4fe0cbed2a3d95d10c68,pet_shop,44,283,1,400,16,16,16
1764de90ccf31194230a1d33c9cb7dfd,construcao_ferramentas_jardim,47,734,1,1625,22,19,12
177793be904f7c1a1ca04c64ce05a68a,consoles_games,25,751,5,300,20,2,14
177b172621777704a3e39ac9d3568946,construcao_ferramentas_ferramentas,54,1648,3,550,18,10,11
177d3d5bb9d4d29222a222e3b3554f41,papelaria,59,241,6,7550,60,20,29
17823ffd2de8234f0e885a71109613a4,,,,,3750,42,20,24
17d4983a8766060a5977b2ea679617f6,construcao_ferramentas_iluminacao,55,3681,7,1050,25,20,20
18301962305db63b0f3e995998075ffa,construcao_ferramentas_jardim,33,164,1,200,16,16,12
18721a85f6f265d6137dfc0f88cc0534,cama_mesa_banho,41,162,1,900,33,9,38
18aae9918a7e1d46e0c94c63a756c97c,,,,,700,16,12,12
18b0e642cbae7251e60a64aa07dd9eb9,informatica_acessorios,24,718,2,200,41,2,29
18f6ea7e8cff29f8053baac6762449f9,moveis_cozinha_area_de_servico_jantar_e_jardim,44,1313,4,1850,45,15,35
19421075ae0b585f2dc13ff149e2119d,esporte_lazer,32,1797,1,150,16,16,11
19b7148be60fb48eb30c7eb0431c1a8b,eletronicos,22,603,1,500,16,21,20
19c91ef95d509ea33eda93495c4d3481,beleza_saude,50,1257,1,700,25,12,19
1a428b685ede76217c9efb550c4aaa59,cama_mesa_banho,49,117,1,400,40,4,30
1a4eccba16567c9ffa6e98d0f552a883,utilidades_domesticas,52,164,2,8950,95,6,45
1aa290cdf7d94d625562f35575218444,beleza_saude,56,787,1,1650,23,17,16
1ac94144a305b4bc370804ca0d290490,beleza_saude,53,389,3,100,16,3,12
1af2a3ec7cecc4015321e562a26c9d1d,informatica_acessorios,60,266,2,150,40,2,24
1b1e7f96bdba2a29b52f73065b193c26,automotivo,56,627,6,1075,53,4,40
1b474c650cb9407d32a1e066937b68fd,relogios_presentes,43,548,3,381,18,12,15
1b73aaabcddf5be28fba09916e1ed907,cama_mesa_banho,59,81,1,500,20,2,15
1c12e2e95f36322f3a5ab8153a76bd73,utilidades_domesticas,52,303,2,9900,61,31,31
1c33c71830d320620439a3236a1c4ae1,livros_interesse_geral,54,2931,3,2200,19,26,11
1c36a5285f7f3b1ed2637d7c528ce5ff,malas_acessorios,21,769,4,1600,55,37,30
1c4dbd58e9b07007a271122f96bb0add,cama_mesa_banho,52,627,1,6350,30,30,30
1c928305f64aa4a643ca1c969c0abad7,automotivo,46,431,1,150,25,7,16
1cf39a397efa955b102a52ee7ec5531c,automotivo,35,907,3,18200,56,15,15
1d1183a8de24782a216dc5066d7421bf,moveis_decoracao,63,285,3,3100,20,20,20
1d187e8e7a30417fda31e85679d96f0f,moveis_decoracao,43,729,2,2100,80,8,30
1d373b3e02a3212aff33054cbf30abf1,ferramentas_jardim,59,394,3,273,23,14,16
1de471fe5a17abca787683077343de4d,automotivo,46,53,1,4900,102,33,30
1df1a2df8ad2b9d3aa49fd851e3145ad,agro_industria_e_comercio,59,318,4,8650,39,45,23
1f30aacc69904c0d0bf8d05cb2abef72,cama_mesa_banho,58,293,1,1850,40,10,30
1f42966deb959a8433468ac0078b60da,esporte_lazer,34,459,5,650,23,30,30
1fa52682d6938b129312ef4cffac1711,informatica_acessorios,30,351,1,550,34,14,14
1fb5b722c7edef5967d921c3ea7511b7,brinquedos,39,688,2,950,33,25,25
2002fc3ec2d8a30a7588628fe7aff958,eletronicos,57,432,1,200,16,6,14
2028bf1b01cafb2d2b1901fca4083222,perfumaria,54,1536,2,250,20,8,21
202bd859659a841de892b00c341300ff,relogios_presentes,57,573,8,200,16,2,11
2043cae78c8b731c405c7329a05154b2,eletroportateis,52,640,3,750,30,30,30
2052b3c5e08893e567c2fb7778476c75,informatica_acessorios,46,227,1,810,16,10,12
20531b0644a0719b8d506c4db3c56609,utilidades_domesticas,55,375,3,10050,31,61,31
20987b1deed06bb23b0d711f72a1370d,beleza_saude,48,2410,1,1500,20,10,20
20f9d67f27a7593da8c9e8981d4f81c8,cama_mesa_banho,59,95,1,500,20,10,15
2109e8aeedbade2096a471740fb9e798,moveis_decoracao,45,640,1,10150,45,30,45
2136c70bbe723d338fab53da3c03e6dc,relogios_presentes,55,167,3,200,16,2,11
216bb0e0cd43ffd832e0973d35e0377e,construcao_ferramentas_iluminacao,56,1082,6,200,16,16,16
21a2d8537730ec21c03750360cc15f68,cama_mesa_banho,48,352,2,400,50,11,11
21b1c2f67a9aafb5af0eb06c13b9dbda,esporte_lazer,35,1132,8,9800,105,15,28
222684e29ad17ce818d1b01753c0cfb8,perfumaria,45,163,1,461,20,16,17
226ed57b23d44cff0ee5aabd9f268fd8,automotivo,54,159,2,4800,50,8,20
240ab905c5d99c074894c0fb5a27979f,,,,,200,17,5,14
2481a472d98c582b46bc2dfeae6f539f,moveis_decoracao,59,205,1,950,31,11,26
24c03f6980d5f778bcf41785abe25533,eletrodomesticos,60,190,1,1200,65,7,38
24d1e0447bc0f9b43af49837d0a4efd8,utilidades_domesticas,58,828,1,1150,16,30,12
24decea9d84c24b8c6c53a2df90066e9,cama_mesa_banho,46,352,2,550,50,11,11
256c61261c818dab727fa2a60d8964ca,moveis_escritorio,53,1092,1,8638,51,62,26
25c38557cf793876c5abdd5931f922db,bebes,58,1447,5,15800,38,62,57
25eb0a9d681b3515ff680cb41e69f58e,bebes,23,1059,2,100,22,23,16
2633fa4ea71ee7977ce3251ed0b2e2ba,moveis_escritorio,35,2403,1,15700,58,28,58
2647bd04a8ac8605c0034dc49d21445d,moveis_decoracao,58,2132,2,3000,69,11,11
26baeb9025380946e10f3f86d808e24d,cool_stuff,30,262,1,287,25,10,21
26cdd235bfb9ce27858057fad1a52e3b,esporte_lazer,54,794,1,10750,30,20,30
2819e0fe205e3a81329782eb5fb274db,fashion_roupa_feminina,46,110,1,300,30,10,25
284f40734f93fd1e46430a7365d571a3,esporte_lazer,58,3686,1,7300,30,26,26
28701167ae1ea90aa657c81171d61c30,esporte_lazer,59,317,1,150,20,3,12
29427de7f8a9ee983d9dbc51cec569b4,cool_stuff,54,995,1,4475,44,24,31
2947c2678aab0b7bfc86dd062d9c3318,perfumaria,36,412,1,532,19,17,17
29b9d74c083ef891b8869d31cffb2a3d,esporte_lazer,55,1381,4,1100,40,20,20
29e4631be78811ab993ae12613053b53,automotivo,58,623,1,3100,70,8,70
2a04a72b11fceb1e99df5261fac8683f,casa_construcao,52,778,2,350,24,5,22
2a15783d3cb601f8d9a6a86806b037b3,bebes,47,1080,1,600,38,5,33
2a2d22ae30e026f1893083c8405ca522,cama_mesa_banho,60,744,2,8350,50,27,38
2a3539131370b3ac020dd5f7a656a53d,eletronicos,60,442,2,1075,21,9,9
2a6d3f9c3a96e62e0ca38559cbf6410b,eletronicos,41,318,1,125,21,13,18
2ae501b303a5a8e6f75c8c36f366b2d5,perfumaria,30,138,1,150,22,7,16
2b0422f04592a663193d00d032c3c987,beleza_saude,48,770,1,650,25,12,19
2b250e4c796f4ce9da7ee0465bd1b574,musica,43,656,2,783,16,8,15
2b4609f8948be18874494203496bc318,beleza_saude,59,492,3,250,22,10,18
2b89194a2977f53d2d61aeeda4165417,telefonia,59,722,6,250,18,4,12
2bfc998cf625e54b2c6447bfc7c18cb4,utilidades_domesticas,38,946,2,3650,61,11,38
2c71438371b35f7ce3c2511d6b0927e7,relogios_presentes,60,167,2,250,16,2,11
2e64d11879c5bbda600381dbb5452a38,beleza_saude,47,225,1,1350,26,18,11
2e810f124ff7668bc1ea0d1953aaacd2,relogios_presentes,55,623,1,337,16,13,13
2e830c73f28d3b8542af03cf2637dfc4,eletronicos,34,214,1,275,24,9,17
2efe857938eed1619e7399bd614e8c38,perfumaria,38,366,1,200,17,9,19
2fa9519c1258135c0ef52f270afb560a,beleza_saude,60,1330,2,383,25,11,15
2fd91ba79b5f4f8342b67bd79cb54b3f,brinquedos,58,761,3,450,38,12,20
2fea0f2cec6b6324a277d4a61c2ed2c6,beleza_saude,57,2026,3,100,11,11,11
2ff9737e49040a4de6435620ee96885f,cama_mesa_banho,56,302,1,2300,50,35,40
303e0abaf09605c8c5ac632f72a3afb3,automotivo,52,1771,3,1750,35,10,45
30ccf4724f5227265f837e9ba0246278,malas_acessorios,52,573,1,1450,49,10,33
30f3fd0e7b5d822bcd4ec6611b1e2c91,beleza_saude,57,145,1,850,20,12,13
31d6f0a621ee145ae8c70304cf564483,relogios_presentes,54,691,2,200,16,2,11
3225c54bb2785c33f49f50398fcdb88c,relogios_presentes,47,547,1,269,17,11,13
32900f7eff5b58558727f11a07d1bcbd,moveis_decoracao,55,2137,2,350,69,11,11
32b2a45c7698faf599ad250c65f6f633,consoles_games,39,1194,1,300,20,30,20
32ee76b2523aa4225a3417496bc7d5bd,telefonia,41,93,1,50,18,18,18
33041fc111e526d9dd16e06678ff5eeb,cool_stuff,64,2774,3,950,35,8,29
331a9e69c95aad991177b0f1ef85a261,beleza_saude,39,460,3,800,25,6,16
33202a8e7a645388c41ed714203d7131,alimentos,45,911,1,3350,20,21,20
332795c0c3303ebda469c7945fe1a1a7,brinquedos,51,390,2,600,36,12,37
334995514673fb6bae67885458b52984,utilidades_domesticas,37,261,2,250,25,25,25
3354a4e684f5e7199f9407db70ccd92b,cool_stuff,52,847,3,1200,42,25,15
33a8f9ff2a9a41c0c49a24d12e106151,utilidades_domesticas,56,493,4,350,20,8,13
33ba4b29d820b397054cc97e892ab1bc,automotivo,57,955,2,300,17,10,15
341d85d688ecc3353cf2a968e7ad0dbf,beleza_saude,47,554,1,350,16,10,20
348ddc765722b7885d765f63eed52eed,esporte_lazer,56,2981,1,2600,40,24,35
34dabb8af33b3756cf72df05fb327011,tablets_impressao_imagem,56,512,1,300,26,10,26
34dcc2f0a890f961ee6252a1cd6ae3f2,utilidades_domesticas,59,1364,7,30000,60,65,60
356260965b761056864ff939baeb4b22,pet_shop,48,761,4,9150,49,32,35
35a64b909964e4f4ee51ef5899830ecd,automotivo,56,695,6,3850,47,19,23
35a8c902b0ab264a24d61b0d01fc708a,brinquedos,39,121,2,400,16,20,16
35afc973633aaeb6b877ff57b2793310,casa_conforto,56,176,1,1825,53,10,40
363a742635cc645c207ce8102de9b837,moveis_decoracao,60,955,7,3600,60,12,30
368c6c730842d78016ad823897a372db,ferramentas_jardim,57,366,2,1650,30,22,30
36f60d45225e60c7da4558b070ce4b60,informatica_acessorios,33,300,1,207,19,11,14
371fa349d92646bbeea5873df0bcdc5a,utilidades_domesticas,49,342,1,490,20,18,16
37470d84427730445b3b251bb796d528,eletrodomesticos,53,472,2,125,23,8,13
375478581c97832540b9209722a32058,bebes,60,566,1,17600,65,36,45
3758055ab2434bd36ac78e00b15b5cf6,beleza_saude,52,1193,3,600,50,8,105
378e13082055394b5a1607162398a207,moveis_decoracao,63,996,2,200,16,10,20
37e6d1846b84ed781ae3af2fd42c7469,artigos_de_natal,41,751,1,4800,50,8,45
37ff4de377ca7a4bc299086c73de26b1,moveis_decoracao,57,395,2,4500,55,30,25
386486367c1f9d4f587a8864ccb6902b,cama_mesa_banho,54,120,1,835,40,9,33
3881e42dae9f77fcbaf9f23020b7ef44,malas_acessorios,45,218,1,800,46,10,34
388517f6230f1fdef794b9c075180a0c,informatica_acessorios,22,716,2,200,36,2,28
389d119b48cf3043d311335e499d9c6b,ferramentas_jardim,59,341,2,1750,37,22,40
38ad86e536a0e27c5a4d2dc30964259d,telefonia,60,540,2,300,17,4,12
39a93ffccb8197be32c57f39ff8d826c,papelaria,40,68,1,100,24,7,14
3a05a947f28cf46d789adedc107d7595,esporte_lazer,57,652,1,3450,16,15,20
3a362c0e7f9a69276e2d95869a3e143b,beleza_saude,60,919,1,150,22,3,15
3b423ed68870672cbc6aabeb1dbbc074,perfumaria,54,744,1,417,19,13,18
3b60d513e90300a4e9833e5cda1f1d61,,,,,450,20,12,15
3cb39171fd36c50097f2dedbbe0dfe6e,automotivo,60,3136,4,100,17,10,15
3ce21e38e6a3060c20f4e74bdab770c8,bebes,57,1340,4,5508,62,43,56
3d22445510fe5a03299a8d2a5da7abf4,beleza_saude,46,1472,1,2250,30,10,17
3dcb77af8b9587985d046b195e105475,cama_mesa_banho,59,289,1,3400,36,10,35
3dd2a17168ec895c781a9191c1e95ad7,informatica_acessorios,48,894,1,533,22,11,20
3dd6c9d499e7c311a29e08afe1fd8fc6,cool_stuff,60,396,4,250,19,12,12
3e08b2e39d6d62bba485dfd958639662,eletronicos,36,167,1,2350,26,26,16
3e442d09f9dfef002aadf31960869f65,informatica_acessorios,33,1084,2,200,41,2,29
3e5201fe0d1ba474d9b90152c83c706c,cama_mesa_banho,56,255,1,1800,30,5,30
3e6d2bde9274ac275013aa90d7e2bf16,relogios_presentes,52,481,2,250,16,11,11
3e8f6864be117d2690e410b934840f87,cama_mesa_banho,53,212,1,1225,34,14,29
3f01901509b345951cfe27f5cea17e40,cool_stuff,54,1018,1,1250,42,25,15
3f14d740544f37ece8a9e7bc8349797e,informatica_acessorios,44,655,1,321,19,14,13
3f1a741cf5591384428c1cbb0ef07ec0,beleza_saude,60,400,1,150,60,11,16
3fbc0ef745950c7932d5f2a446189725,beleza_saude,50,1257,1,350,19,12,13
402e8d6a95c83da5c3cef16b795329b9,moveis_decoracao,40,160,3,523,20,25,20
404a57563d487aecbc2b1a01d9b89aab,cama_mesa_banho,62,313,1,3500,45,15,35
409ec48108c4dad2130633a912fe877e,cama_mesa_banho,52,652,2,650,16,10,16
4182ad8f6fd91b6064f2d1097d8a4291,beleza_saude,38,929,1,1097,18,18,16
419cb1b441eda9b92ebd1a1b96090c26,telefonia,60,777,6,350,17,4,12
41c24b8ce92d1a2cac62db5edfd088b2,relogios_presentes,27,178,1,314,18,11,14
422879e10f46682990de24d770e7f83d,ferramentas_jardim,56,348,2,1550,30,22,30
424471a68d6b1ae4a53d39723e6981d3,eletroportateis,49,1274,7,3767,34,36,28
4253d0bdfe5de877ffc994926fa6041f,moveis_decoracao,56,279,1,1000,40,10,30
42749c525c90994bd3d4c74edf047172,construcao_ferramentas_jardim,57,1289,1,1300,60,13,23
4298b7e67dc399c200662b569563a2b2,informatica_acessorios,58,420,1,200,21,14,15
42a2c92a0979a949ca4ea89ec5c7b934,utilidades_domesticas,41,799,1,7000,26,47,27
42f03aab9564c9b88c5d269eee68a79d,papelaria,60,126,3,1000,25,55,45
430d215740da7fdda91cc938f8fd92f6,telefonia,50,2641,8,260,19,7,13
431d674f9a4fbd0957ecf6ba3fcb6899,telefonia,56,1892,4,450,17,3,11
437c05a395e9e47f9762e677a7068ce7,beleza_saude,40,409,1,1110,19,11,18
4413a608a42bd21bbf9d5abbd58c249a,cool_stuff,57,1620,1,2350,16,40,16
4428c8810d85a949afe441cc0d33f756,moveis_decoracao,60,2059,3,2600,69,11,11
448dc3486005777a15d7b3f445637ee2,market_place,23,1059,2,200,22,23,16
44a34214a57dc373dcd80f54c919d006,esporte_lazer,21,207,2,350,67,15,15
44afebe5ba695261a126f43a4b29d814,utilidades_domesticas,49,465,1,2963,45,33,32
44d097d59e8430f88a67517cd0c4f865,fashion_bolsas_e_acessorios,55,151,6,350,16,2,20
450c25d98ed6923154a934554475bf13,beleza_saude,60,1946,4,19150,87,76,16
4520766ec412348b8d4caa5e8a18c464,automotivo,59,956,1,50,16,16,17
45f0310974e6082deeda855f91984347,moveis_decoracao,60,194,1,2800,50,10,40
45f7c48e7ead07eb1afd9aebfe6de326,utilidades_domesticas,60,557,1,3100,48,38,11
461f43be3bdf8844e65b62d9ac2c7a5a,relogios_presentes,35,591,3,444,20,14,16
465b705779143ae0e43048b1a25007a1,informatica_acessorios,19,189,1,300,23,5,15
46c57742071cc875558cc230df1aa9a4,relogios_presentes,56,364,1,575,23,5,21
46d6fa3170df63d5372aa59928ba33dd,esporte_lazer,56,244,2,1000,60,15,15
46e4940f28c9231a801873e62ca55c53,perfumaria,50,54,1,50,30,10,20
47376be1404bbe927766e8a9011714cb,cool_stuff,51,741,7,225,18,8,16
473795a355d29305c3ea6b156833adf5,perfumaria,36,605,2,100,20,20,20
47531d889b34bc318d8594a7d53fcdb6,utilidades_domesticas,56,644,3,650,24,5,18
47d4f578b4130f61735dcfb66c38cb5e,esporte_lazer,27,489,2,750,25,25,25
4845d1421cd53de09a405f5f869add3c,cama_mesa_banho,56,369,1,800,78,3,52
48f866f20b5b6015a324210988e73387,cama_mesa_banho,52,251,1,1850,45,15,35
49770e2e1a22b61e15a13c2cbfbfcbbd,brinquedos,60,1243,4,7950,52,34,18
49e038a7b8ba2e18d9a7a26c1f238544,sinalizacao_e_seguranca,52,729,3,13750,65,65,22
49eeae59754cbcf1abeeffb8f51184ee,cama_mesa_banho,49,1077,1,1575,26,21,23
49f19939bc5c8639e06c36d3bf01ee98,brinquedos,45,842,2,213,16,13,14
4a351fa3b10c2b78daee983c534c56fd,informatica_acessorios,41,1025,1,3150,32,16,16
4a69baa66a13d1adeb41cfe3bc0c27be,cool_stuff,55,963,2,500,45,8,49
4ae634441e444ca4bc85903cafe98d73,telefonia,54,285,2,275,18,4,12
4b2422ebbc6723e80f355b11b4d8fba0,utilidades_domesticas,28,87,1,370,17,20,15
4b2772e2e34787603725226af352e466,beleza_saude,30,150,1,200,16,9,14
4b2e8d0baa7e0e7483c8bfe1dc33e406,relogios_presentes,51,753,2,300,16,11,20
4b5e26931a0b0d3a690a3f520329a975,esporte_lazer,57,1161,10,9450,85,10,33
4b7528d093f5acaec2a072366a4106bc,cama_mesa_banho,34,304,2,1100,33,9,38
4befae07dba4384f6d8237ad1e7f8294,musica,33,3853,2,900,18,18,18
4c2394abfbac7ff59ec7a420918562fa,beleza_saude,49,1495,3,600,33,19,13
4c77d14c542fcd857dddc3df2e82329c,perfumaria,51,587,1,267,16,6,11
4c7d4a2efde21e3bf1660926fabc6a9d,beleza_saude,60,316,3,250,18,10,15
4ce6c1b5cfe26c9f980438fc1c810f8d,construcao_ferramentas_jardim,57,1227,1,6200,76,28,18
4dc3dcf258288cfda345034a4d96fbf9,moveis_decoracao,56,267,1,3400,62,27,17
4e0854d426b0556ba1956db5e058f0da,fashion_bolsas_e_acessorios,54,220,3,150,17,6,12
4e0f5e97804431100c5bded078a48df9,brinquedos,45,769,1,1400,64,10,25
4fcb3d9a5f4871e8362dfedbdb02b064,automotivo,53,603,1,5950,65,11,65
4fe43f61e04cd41cadc3bebf606fe77b,construcao_ferramentas_seguranca,58,787,5,1500,20,20,20
4fe644d766c7566dbc46fb851363cb3b,artes,48,1232,1,1700,65,6,50
5002827044a87d2de4309a5e7e6e7755,malas_acessorios,44,221,1,700,45,10,33
50063fba038aabf31446889396187973,instrumentos_musicais,53,1000,2,1050,30,30,30
500870614ddcf5bd84f7d26861026c8a,telefonia,58,434,3,217,18,4,13
504f07e36481e5e72043def3d874b92a,esporte_lazer,53,847,2,600,33,5,16
50d77758742285ff49f340ebdf0df5a7,eletrodomesticos,56,953,3,500,30,12,17
5101eb75c72eba49b6ab5e3cb721c99b,esporte_lazer,41,754,1,3180,28,22,26
51250f90d798d377a1928e8a4e2e9ae1,perfumaria,54,937,1,50,16,5,11
5145cef9f9e1293cf8cba2c924eb94e9,moveis_escritorio,46,2250,1,11600,58,20,58
516c257eda161040c8d23cf8af9a6edb,esporte_lazer,37,671,1,920,19,20,17
516ccdc0667fe7e260156d1998ef9546,moveis_escritorio,37,1069,1,7563,58,65,30
519f3a4ea67cdce4923fbc76badd6bd2,ferramentas_jardim,27,235,1,625,23,10,14
51e88d0b6beb3101d842fa6610c37edb,moveis_cozinha_area_de_servico_jantar_e_jardim,54,654,2,5000,36,46,36
5237a911446da6c2a3cb764f7ea0e5c5,brinquedos,24,254,1,200,16,10,11
52817a1b17d101c0656923254b92aed8,cama_mesa_banho,53,165,1,150,16,10,15
52ae46963f0cd4c1497fe26a0f50fa6f,automotivo,51,572,2,550,33,27,26
53759a2ecddad2bb87a079a1f1519f73,ferramentas_jardim,58,340,2,1500,30,22,30
53ab1363bbc2573a252d86619a782424,ferramentas_jardim,57,383,2,1800,30,10,25
53b36df67ebb7c41585e8d54d6772e08,relogios_presentes,33,523,3,584,16,11,13
53ea9da485f6aed8a6f03a85831fe021,relogios_presentes,33,439,1,346,18,10,13
5403528d987ad26e8d7cb25940411987,relogios_presentes,58,600,3,250,16,2,11
5411e9269501a870cabf632f05655131,papelaria,57,396,3,6550,38,30,28
542d8fcc4a81cd455526d35b556437b7,automotivo,51,925,2,3900,65,25,25
5486b0f9faa264ae6cbbd2bf230bbb00,cama_mesa_banho,59,196,1,1250,35,20,30
54e5939fcd9ae70ad0f59f612d6d29bd,cool_stuff,51,471,4,550,27,10,15
553e0e7590d3116a072507a3635d2877,cama_mesa_banho,38,735,5,800,20,20,20
5546b861464398b784d10d8894ac97b0,telefonia,52,1311,2,90,19,5,11
555c681a23ca3d3adaaf1a74122b5bcf,informatica_acessorios,55,1883,1,5323,22,24,39
55b71bf300a2765a382eaec566df531f,esporte_lazer,50,2164,5,3400,33,25,28
56190ea1f5b28f23ba0065cfa36b7de6,esporte_lazer,42,1322,2,400,26,16,21
562cc921a8887a6be5832fc2db1c3dc8,esporte_lazer,33,993,5,700,24,28,28
564f6ff7ae760d6eda6d32c551724036,cama_mesa_banho,60,298,1,2500,33,7,39
56d45b2c27871322801134f57d1b9dfb,cama_mesa_banho,56,198,1,1800,35,20,30
56d7faef0f7d847eea91b3302698bcc4,cama_mesa_banho,60,233,1,2600,46,8,38
579447868ed3bc1c03b199dd2f0dcd07,moveis_escritorio,48,1014,1,8200,52,52,17
57d5fd37a8452e7577b5eeb0186caba5,esporte_lazer,30,1321,1,450,18,18,18
57e089e3103f5cda6a4ce23b77399bdb,bebes,18,1194,4,650,20,8,14
57f202d5e0ed7a3a2d75e479e1579cfe,papelaria,53,215,2,600,38,30,28
57fcacc3434a1f2f2b039c1b4e61f5e1,telefonia,39,365,13,50,16,3,11
582dfc3697c5f834a5ddf28460ba9222,fashion_bolsas_e_acessorios,59,251,1,300,25,10,25
58e14150c9316b8f981742498dd97606,beleza_saude,42,2699,1,1567,22,16,17
595fac2a385ac33a80bd5114aec74eb8,perfumaria,29,178,1,400,19,13,19
5a6e53c3b4e8684b13388d6aa4afdf12,utilidades_domesticas,45,176,2,200,19,9,12
5a76b277c6c31033b89362512fb80274,cama_mesa_banho,41,104,1,500,20,10,15
5a848e4ab52fd5445cdc07aab1c40e48,,,,,400,20,12,15
5adc6c464f33f8560dd3c984291d4ba1,malas_acessorios,33,924,3,550,16,30,20
5be51b87d3f543e942bb8299c5bd4423,esporte_lazer,49,1416,1,350,16,16,16
5c2ff601f8b9eab50e5d9938b41ff01a,consoles_games,54,324,1,300,18,2,12
5c3f833c3941c6353fd0cc51686a1101,informatica_acessorios,54,1785,1,7000,57,11,52
5c5a1f21eaee926ccacfbc212a0d860d,beleza_saude,35,551,1,150,16,10,11
5cebe3c91f03e5d52a1951b3ce8354cd,,,,,1000,22,21,23
5cfe07a11fd4f35d3c5ca21cd60cee6e,fashion_calcados,54,404,4,750,22,12,33
5d08ef63cf250136d1e5d2ba85656a8c,utilidades_domesticas,55,2194,4,19200,63,42,41
5d2d01b64b76916f0cbe74e407041187,utilidades_domesticas,43,297,1,350,25,25,25
5d686bbd116b2de2ea1a4e1056501240,utilidades_domesticas,36,592,3,300,40,5,40
5d6bea33648f018dbb563f3a2fab09f3,moveis_decoracao,53,616,1,4000,30,35,30
5d7a4ee1450d108913cdd64fff383338,automotivo,57,188,4,250,25,15,25
5dfc84369c7457e1bd188be86a7563f0,perfumaria,34,839,1,150,16,2,20
5e2ba75ad255ff60b1c76c5bf526ae9b,beleza_saude,47,1346,2,500,20,8,20
5e3b4b17383b90a3129e552bd71bf2b8,beleza_saude,59,1310,1,1450,20,15,15
5f24f9f041b1ab4de5de1b37994952d8,eletrodomesticos,60,208,1,2250,18,8,13
5f2ace2fddff857d247fa4f6ec591474,utilidades_domesticas,52,371,4,400,24,8,11
5f8fd0bd52dabcd1e9e2427dccbcea18,cama_mesa_banho,44,352,2,400,50,11,11
60a8d8f0434c4531bf310eebf9f19cfe,cama_mesa_banho,58,1623,1,200,26,10,22
61103d1d05a6d55579890d0dba01eda6,brinquedos,27,706,2,250,18,7,17
612c7f49d1026f7beded75464b574f81,beleza_saude,55,3072,10,200,28,11,14
61509eaebb2d4bd1a7511b1a75703f8c,utilidades_domesticas,50,500,1,300,25,2,17
61937887eb6ee0b405a5759756426486,beleza_saude,45,1083,4,825,31,15,25
619d2ba7f3d5ad00cbd93ecd49789a44,consoles_games,29,648,4,400,28,4,18
61bb78313bc87f6637f26b39d8008ea7,eletronicos,55,1631,2,300,16,3,15
61c9ce380f22395eecde18d76d118c47,eletronicos,30,879,2,200,22,16,22
61e0273e790dee51cd095c1ea887bf23,telefonia,60,486,1,150,16,6,12
620af218f5c91a81482e4555864aa4db,moveis_decoracao,60,3160,3,9850,58,9,27
623fb8cc5f36842aa32650e2208a08c8,relogios_presentes,58,361,3,200,18,8,13
628d0ba951ebb8fd1edc5ab3934468e0,ferramentas_jardim,48,182,2,1600,17,17,78
629e019a6f298a83aeecc7877964f935,automotivo,57,1166,5,1750,30,30,30
632c37951cab36a4e928428cbc4fa4f4,beleza_saude,54,769,1,6850,51,39,43
633a2a64a6478966e0b6805ea708de58,utilidades_domesticas,32,455,3,550,25,15,15
634256dbcd184b3757ffd7632c9fe52a,beleza_saude,49,295,1,150,16,5,17
63bfa27a0cee21fd896dc27f58b6d656,eletronicos,59,600,6,475,20,11,19
63bff8e34e5c639696856394be9a9ac1,papelaria,45,209,1,800,16,48,33
63d6e7ab30f482382c9dfbbccae7da54,eletroportateis,56,1031,6,625,21,19,16
63de2743d05ab59d85caa49e49459ac1,beleza_saude,51,951,1,178,18,11,17
6434153dec7be552cbe53604122a19c6,esporte_lazer,49,370,1,113,18,5,15
652cee66eaed09b444b43463eee56cc7,fashion_calcados,55,344,3,1850,36,37,16
65650c84064ff1a79e4a05988f4c3e9f,utilidades_domesticas,57,231,4,975,23,25,23
656e0eca68dcecf6a31b8ececfabe3e8,informatica_acessorios,45,236,1,173,18,13,12
657247f6f60543b93e3cc708a8e6329c,malas_acessorios,53,526,2,18050,75,20,50
65e52a3d3ad102e0308bfde7c1424a89,esporte_lazer,51,634,5,300,25,20,20
66122b7ff167774803377cb2b1af7799,moveis_escritorio,57,1282,1,7575,52,52,17
665fa52751d42dabaebad0435662fe13,cool_stuff,50,106,1,525,15,29,33
668b1e2b9471f837ba1797832e3f2012,telefonia,60,357,1,230,17,14,13
66a0a6e02b7f543e5b021ce361f267d4,cool_stuff,45,798,1,1500,50,40,30
66f4a4e7df716d7d67d81496ccc1ccf6,esporte_lazer,58,1221,2,1000,27,15,22
66f8d8bf340c88f30f30b10a7bd2bd15,pet_shop,59,563,4,300,27,9,26
671be61e4013fc77e2d3586ffc1e51f1,esporte_lazer,28,710,1,30000,90,60,50
67682f5c5170c72b398941e2193735a4,brinquedos,52,644,1,1238,34,32,24
6803077179d24889430188e03fafd31a,eletronicos,48,287,1,100,23,8,18
680874c570dad71c0a2844cfbf417054,moveis_decoracao,47,502,1,600,25,25,25
685eb31be05f115e9263add7796ad95b,automotivo,59,687,1,6900,65,13,65
68bf2e76db1d8e846042e54da87399ca,cama_mesa_banho,55,743,2,6850,59,22,37
694e58e56c74114ee0628c25f3f26f8c,esporte_lazer,24,290,2,600,50,12,50
695c34c5771cca25ecdc04d24a9b49f6,moveis_decoracao,50,676,2,1750,35,23,35
6984b61fd1255c2a7fc3c11ce6d84509,bebes,28,2433,3,100,19,7,11
6a1a04054158fe995e1688d8f79605b2,esporte_lazer,59,254,1,1650,40,45,25
6b3de4cb14325f3a0dafa939520f514e,relogios_presentes,58,465,4,250,16,2,11
6bbe55cf8f85c87b6eebb775a53402f4,tablets_impressao_imagem,54,512,1,283,22,12,21
6c0405ea1704f19465d1dc6314b1a9e5,telefonia,32,365,6,50,19,3,11
6c3effec7c8ddba466d4f03f982c7aa3,consoles_games,56,237,3,100,16,12,12
6cdd53843498f92890544667809f1595,beleza_saude,51,625,1,900,25,12,38
6d15ca3157a742ef1911e16ab7b180b4,cama_mesa_banho,50,505,1,1000,34,5,26
6d2c812450dd02b2f87495af63f9b709,telefonia,45,400,3,100,19,3,11
6d43aa08ee344527fc3e86b90cfd2379,brinquedos,54,66,5,1000,20,31,30
6d5b63b6c4575265bb9236cf355baed0,eletrodomesticos_2,51,930,7,10550,73,15,52
6d68112743e7ed2de3932554b033f544,livros_tecnicos,51,449,2,500,90,11,11
6e49a0cef77b3e3680a0c842d0bb612d,esporte_lazer,60,729,5,150,17,15,16
6f3b5b605d91b7439c5e3f5a8dffeea7,relogios_presentes,35,640,1,335,17,11,16
6f699cf68b28da10f925839eb699bd27,automotivo,31,1215,2,175,16,11,11
701e076c7aea72b5f668183dde0afa9a,moveis_decoracao,63,703,4,2700,35,10,35
708f6b02ad4aaa6535c5e040f13a9762,bebes,39,235,2,9400,75,15,50
70aff5fb2ab50a5805411600994b01e8,fashion_bolsas_e_acessorios,25,365,3,150,16,14,11
70cd303f8e2dc6c00f5908aa72acdea6,cama_mesa_banho,54,289,1,4000,40,12,38
70d17ed46123e5b68dff23e113415d5a,brinquedos,57,70,4,900,39,30,29
70f4c097cdc97babddd3f3bd03c43c26,brinquedos,59,65,1,300,25,25,25
71040c7f50609abf6865f4429f8b1035,beleza_saude,56,3900,1,3450,30,30,16
710e8b076db06c8e5343a9e23f0e3d83,esporte_lazer,60,645,2,600,30,20,20
711b99e1af05365d2ef959b073af08c4,instrumentos_musicais,60,1435,1,2150,50,20,30
716586b5781e43926d404ad0f11669e8,utilidades_domesticas,50,443,1,1625,41,26,26
71835d687609f578b92692f98ab16100,moveis_decoracao,29,1698,1,3500,55,5,40
7185389e32acf9c5c5f61e6a23c0ab3a,cama_mesa_banho,49,1077,1,4500,26,26,36
71e8e7b22adb117478bdbcd1c2b0c325,moveis_sala,28,432,1,1500,31,9,22
72172e982e8b92155069e4201c92c0bb,esporte_lazer,60,3847,5,200,28,10,13
727a46f0b58a9ef165af9f7ebcfebfa9,esporte_lazer,33,1440,3,200,19,19,19
73326828aa5efe1ba096223de496f596,alimentos,32,1392,1,330,20,15,16
7340a3839a1de1e99d149b8cf052a2ec,cama_mesa_banho,56,536,1,800,45,15,35
7344630ca6c1a4917e55f35c729baa7d,telefonia,57,592,1,200,19,4,11
73c0537a6f1d148275c69a114b2d8bf3,automotivo,59,605,1,450,27,10,17
741a31499a578979be85db7f80139e62,moveis_decoracao,59,473,1,600,30,3,20
746c36df2702006bac777bbb9bf8a0a5,esporte_lazer,43,1545,1,700,16,15,15
7486c1fa8968fae4af4c32882f72dbe6,informatica_acessorios,39,160,3,150,16,4,14
74ae869eb82594d9cbe6e934cf143e0c,telefonia,60,751,3,150,17,4,12
757e8df3e7c5c52482db573f5f368e1d,consoles_games,52,574,1,400,21,10,13
759d6e247dae636cc8e135f50052865e,moveis_escritorio,55,1286,1,9125,57,55,22
75c06ee06b201f9b6301d2b5e72993f8,perfumaria,54,939,1,50,16,5,11
75d6b6963340c6063f7f4cfcccfe6a30,perfumaria,51,999,2,400,18,11,20
762c5d72dfd6cb77f19a9e1fd79e43fb,cama_mesa_banho,55,410,1,550,16,30,20
7643f9ef2cbf1bd4202b0b7dcc500cad,alimentos_bebidas,24,424,1,300,20,8,16
765e8c5c6b2f88c6f972334e44113a20,fashion_bolsas_e_acessorios,23,1252,3,100,16,12,11
76f4e994b24c20555320f08cf10d28bb,ferramentas_jardim,49,543,1,200,22,10,14
774bf54401ea79ee6962d25b605716dc,informatica_acessorios,50,3014,6,350,16,16,16
7755106d0e62f58f17df7f06db8751da,esporte_lazer,39,1659,1,5150,20,16,16
777d2e438a1b645f3aec9bd57e92672c,cama_mesa_banho,58,689,1,950,45,15,35
7814c273ab16783d73a9863ebfa8b141,moveis_decoracao,51,756,1,12250,45,35,45
783caabd539c4079ec08423e30719fba,construcao_ferramentas_iluminacao,56,1512,6,500,35,14,23
78540167bc14d4024b1aae7adfa2f7c9,beleza_saude,46,1290,1,350,19,12,13
78efe838c04bbc568be034082200ac20,moveis_decoracao,57,272,1,2500,40,10,30
7926af7d3e25dce27c3eee0279afb530,pet_shop,47,115,7,600,20,20,20
7935ddc510afb7d08989660b382b7f26,papelaria,59,246,3,7700,60,20,29
7957db057ee41836617b2ad71e367756,eletronicos,30,703,1,200,20,20,20
798edd0e46657089dcdd3ae893a5b015,informatica_acessorios,51,1415,4,1350,22,10,23
79ccb1aca8fcf379a6ed2412fba0480e,moveis_decoracao,60,423,1,8050,52,18,35
7a10781637204d8d10485c71a6108a2e,relogios_presentes,42,236,1,342,18,13,15
7aafb113cc4cdd6f842135ceb2ba4b50,esporte_lazer,53,806,3,1950,25,45,25
7adb171e34892acd7b24bcd0c841e221,perfumaria,60,640,1,475,23,9,15
7afa8c8eca2a26b599823eed4975a820,utilidades_domesticas,60,400,7,2600,37,24,37
7b44e5ea770ef06810f5df89006cc8b2,eletronicos,57,989,4,4100,20,15,13
7b7827f65a44cb0a2a5a1021757fd119,pet_shop,39,744,1,50,18,14,14
7b813bcc93ea73f063db20ce6c3911c4,beleza_saude,59,493,1,537,23,8,14
7c1bd920dbdf22470b68bde975dd3ccf,beleza_saude,59,492,2,200,22,10,18
7c21d2794fad14d186b2bcd9b07a8298,cool_stuff,45,941,1,1000,42,25,15
7c36efeb84ad73bad896d3b2c7a21e3d,fashion_bolsas_e_acessorios,59,225,3,300,16,2,11
7cdf063c858373234611848620a5c950,moveis_decoracao,53,904,1,12900,40,45,40
7ce94ab189134e2d3c05f496d635419c,eletronicos,39,400,1,200,25,7,16
7d681d24b9bad757fb34b0d464c350e4,beleza_saude,59,1271,1,240,18,14,16
7df167607566e25a712e446b80e7081d,utilidades_domesticas,34,303,3,625,53,21,16
7e0dc102074f8285580c9777f79c90cf,ferramentas_jardim,60,1251,2,800,30,10,30
7e5497f64c4f3b60648c778bd5819741,informatica_acessorios,52,589,2,200,36,2,28
7f4e034245e45549110139d1de248f83,bebes,55,1629,1,600,20,13,13
7f72a8900b3d2fc8fa2635b7836d6e6e,brinquedos,38,571,1,147,14,10,12
7fab1a1472fdd934397068931f63f3ca,brinquedos,53,200,10,600,30,25,20
7fe486a60125c1541517e30944f95066,eletrodomesticos_2,34,876,9,6350,55,10,67
80459e1beff7fc5d0e2fbe676d043a64,relogios_presentes,53,627,1,350,16,12,12
8145324c201f9a26420e555a504a8c9d,utilidades_domesticas,51,114,1,300,35,5,11
817e1c2d22418c36386406ccacfa53e8,moveis_decoracao,37,267,1,2750,50,50,16
818ce0c6a1687dd947ad226fb4387621,moveis_escritorio,59,1318,1,7450,52,52,17
827f677ed9cd1e18a5f4e8ecd4eb7489,telefonia,42,351,1,200,19,3,11
829002c1d5f40820ebbc6ecd4bcdf3ab,casa_construcao,59,664,1,5150,30,35,30
835d8502d265ddeb4bdd39591d55fa2b,beleza_saude,50,3902,7,500,26,19,33
839321c2db7b3b3eaff4944c3b052ecd,utilidades_domesticas,37,570,1,1291,23,23,20
839fbad388f1338ccabf6f95942b1003,moveis_decoracao,37,360,1,4250,36,26,20
83a6fc0d9871efceb01cb3c20c510017,livros_interesse_geral,58,1454,3,625,28,7,19
83b6bc973e911a21b156247857bc0f59,beleza_saude,35,592,1,300,16,18,16
83b92639fffd1d55c9e04c77c86d8d2c,informatica_acessorios,56,901,1,280,20,15,14
83bdb5c63669bd89033937be3c4708c1,esporte_lazer,42,3007,1,900,26,26,26
83fe1ea6fd12c51fcd341a9968e65cc3,brinquedos,40,403,1,1200,47,7,26
84003eefe52bb4112252409a24ae3a73,perfumaria,48,450,1,400,19,19,16
842fb98abb484ddb50b2682d0be9c3f2,ferramentas_jardim,56,1852,1,263,24,12,16
84f456958365164420cfc80fbe4c7fab,cama_mesa_banho,55,312,1,1550,44,14,34
853cabeecd89a8fa18c5ead33e4b7cdb,bebes,41,341,2,150,20,6,15
86271c025e6ff0c1d327388c0b4c811b,cama_mesa_banho,49,207,1,2500,55,25,35
86c43103446290e7efacad3701cd654d,relogios_presentes,58,644,6,250,16,2,20
8704c63bb391e44566d8dcf13d863081,fashion_bolsas_e_acessorios,55,1434,1,250,16,2,11
87a71ae93900ab55fcf685c8040769b3,eletronicos,36,401,1,175,22,13,17
87cc2aef12eddf0b170234138b0946e0,informatica_acessorios,58,2455,2,350,28,6,20
87e24fe285640cc6f3d7580f673ee507,eletronicos,56,184,3,5875,19,17,18
880be32f4db1d9f6e2bec38fb6ac23ab,brinquedos,45,589,4,200,16,7,11
88dd63919fc9ab693803578a04a20209,informatica_acessorios,58,395,1,217,16,14,14
88e45c0f0947e8b8e17cd93e8112be5e,instrumentos_musicais,59,477,2,7450,40,40,40
8934769521d632e65c27992662f05673,cool_stuff,26,1105,3,200,17,4,13
8983ab045bb0ef91a6fe60adff5fa7a2,esporte_lazer,56,293,2,1850,60,15,15
8aa6223e400af9c97b07c75993142721,bebes,54,830,4,5000,40,10,40
8ac24e23a102245823e640f485846289,eletronicos,32,598,5,525,20,15,25
8b1490c8e82581bd050b41bd709a6364,beleza_saude,29,298,4,100,22,3,14
8b39be5bbb8a4585ed19cacbf4162c27,esporte_lazer,25,1418,4,100,16,6,11
8b68bdd62b3d58f750f213d3ae36dc4e,brinquedos,36,211,1,500,45,15,35
8c1e9287e6b9508f4663a1bd31d2d837,papelaria,48,298,1,600,16,4,11
8c292ca193d326152e335d77176746f0,beleza_saude,60,2894,1,200,17,11,15
8c5876b1c7768217964f353bc7e64393,telefonia,61,440,1,250,18,3,28
8c591ab0ca519558779df02023177f44,ferramentas_jardim,47,1893,1,6050,20,20,20
8ce6b041b5fa5dfaa937f53e145ce299,informatica_acessorios,37,433,3,425,21,4,16
8ce6ed44410ccff5e5437f5d1ec012e4,beleza_saude,47,886,4,500,30,14,16
8d39a63db6a98e40571f486e0c711cf7,,,,,450,16,7,11
8db99620b0b21f34ff4199bc6450bdd6,livros_tecnicos,29,3041,1,400,23,2,16
8ed094bfe076c568f6bb10feada3f75d,moveis_escritorio,43,1128,1,16133,63,59,25
8f2c823e12d58a9eec1a9191e3c34718,cama_mesa_banho,51,650,2,900,16,10,16
904df51afc994cd2a7bce1ec3ff5d9fe,papelaria,43,216,2,150,24,7,14
90ebb732ad20456afe8516eb5fbf75f6,moveis_decoracao,53,892,4,2750,35,35,11
9123002e53f822415107f07e5dcf199f,cool_stuff,53,177,3,625,30,19,22
919b08607e72077425654ac5fc0b5528,moveis_decoracao,56,279,2,17250,55,30,55
91e2aac5302f657c8fdf3040124d8809,papelaria,45,865,2,817,33,22,39
9295e6204ae4b6e0948ab60d4ee304f7,cool_stuff,33,908,1,1000,42,25,15
92dc38393e62d366ae080808b222ccae,utilidades_domesticas,57,1607,1,1050,30,20,20
936a034fe3b07b7ae7c87fc8ceb0749d,relogios_presentes,58,1233,4,450,16,2,20
937d4dbe97dc4cda39683025976f91ae,moveis_decoracao,58,1037,5,400,35,7,27
93a12c289ca2b78e7069e469f5053ef2,informatica_acessorios,55,408,1,233,16,14,15
93c902b021a9e594f658ab1b0351602a,eletronicos,60,390,7,1250,26,10,18
93e71b4d65b8153468c4f210b90342a1,informatica_acessorios,41,500,1,200,18,9,16
944a8fa6055b8213f9e715720d4e2d5c,cama_mesa_banho,55,273,1,1100,38,10,38
9453bde60c4ee52155c963641736cfc5,beleza_saude,44,1056,1,750,30,30,30
945657481c47ca039e25c6b061eb9744,consoles_games,54,595,1,150,19,4,11
952547036d7de7ce635a81704cd290cd,utilidades_domesticas,37,1036,3,3300,60,50,60
952670bc019a73f0933157ec82ff6e4f,cama_mesa_banho,46,162,5,3300,60,18,50
95320d70592f898880af9c3d5394728c,cama_mesa_banho,60,372,1,3783,70,20,50
953439fbf9090e2362532905d89b991f,utilidades_domesticas,47,539,2,8750,35,15,35
9578d6732c124f549834fbe8c02e51df,automotivo,57,703,6,4650,47,19,23
964093075b6885bfcc6520dd216e4d8f,utilidades_domesticas,46,157,4,250,24,5,11
9696fc4ef13aa92c9933cc364d18ac40,casa_conforto,30,230,1,700,30,30,30
97017430754804328eb9597b7f85da03,telefonia,60,818,5,300,17,4,12
9749139e09929de55d37e68e64b89706,beleza_saude,53,994,1,650,16,7,13
9760ff15559ef0855c8aa01c00bd132b,informatica_acessorios,57,245,1,500,18,9,16
97db532f755c1c66eab401e27f687295,informatica_acessorios,49,202,1,633,26,14,14
980ecbcc15fe174ec1e5757c4d75b1bf,agro_industria_e_comercio,48,157,1,250,17,3,10
988a221d27cc482916fd66cd3662ed69,automotivo,45,1273,1,633,20,13,16
98d61056e0568ba048e5d78038790e77,automotivo,49,546,1,6400,63,11,63
99444c1e11fc38755dae86f5c67d3d1a,cama_mesa_banho,40,162,1,900,33,9,38
9988abe0755ff16f74152f3e6b83626a,brinquedos,55,670,3,800,50,6,29
99a4788cb24856965c36a24e339b6058,cama_mesa_banho,54,245,1,1383,50,10,40
9a6fea01f6d5bfc01c9ac539f93da5ac,moveis_decoracao,55,1993,3,5700,70,4,55
9aa9caee155847cddb376a05b9a39791,telefonia,60,777,6,300,17,4,12
9ad75bd7267e5c724cb42c71ac56ca72,cama_mesa_banho,60,259,1,1225,35,15,38
9ae144079d83bd6ffb2d30284c7c518c,cool_stuff,55,943,1,500,16,19,15
9b372fe3f06df9d7b8f8c11e5403502f,papelaria,60,1076,4,7000,35,4,21
9bb8ca338e5588c361e34eae02e8fad6,beleza_saude,37,314,1,431,19,17,15
9bf49e13f79afe62919c79d125d81cf8,ferramentas_jardim,47,417,4,1150,22,21,16
9c7ed530c8d9880f978748600f319c0c,cama_mesa_banho,60,146,1,1200,34,6,41
9c8d68903b5106018c797e0e862ae55d,eletronicos,34,453,1,200,25,7,25
9cbc5b5d801f57920de0de5ba58328b1,pet_shop,43,570,1,450,20,40,20
9ccf11289147e5277b022439b4ea1f20,automotivo,59,983,5,600,20,20,20
9d0bb30eed80184666c8acad23921283,livros_interesse_geral,26,2857,1,500,20,22,15
9d123055622741ac77766a4dbfa4d1b9,beleza_saude,43,764,2,786,28,11,17
9d32095f76b97762307e86cfc18dd7a0,cama_mesa_banho,38,213,2,400,25,9,19
9d7cee5f2a133c35af653eea7e1eb292,perfumaria,58,349,2,400,16,16,22
9d8a0e115e802d845b4ce1eb794d1260,esporte_lazer,30,2299,1,150,20,10,15
9da6fbcdb4cc9d08de3c70331ea19a5f,cama_mesa_banho,49,459,1,1700,48,8,39
9ddc4249779322828f89d2a9c04f7ee1,automotivo,54,699,1,1277,30,25,27
9df852a6c839bc3202227666d70c7cae,,,,,9150,49,32,35
9fe172fa8e662ca8572cf12abf8bce23,fashion_bolsas_e_acessorios,36,412,5,150,16,5,20
9fef57f37ae72292952e73ff9a7a3fee,moveis_cozinha_area_de_servico_jantar_e_jardim,59,634,5,27150,100,25,65
a01d1cbb398e386a4a8f8364401a7584,esporte_lazer,58,757,2,500,50,5,30
a02d0123079f4ae96001ba2010d1a2df,construcao_ferramentas_iluminacao,57,771,1,12000,45,35,45
a03e40dea3abae7cadf374eda9afc2c3,perfumaria,54,575,6,2300,26,26,35
a0727420c4f72aa6600840eb1da0d3d1,moveis_sala,55,851,1,9850,61,16,46
a076986c6dbcb66fb479167aa5a1b68e,esporte_lazer,47,985,1,900,18,16,15
a1250bbcaa645885c9165eab1573b5c6,fashion_bolsas_e_acessorios,59,179,6,200,16,2,20
a12c9204f6f9e90ad1d8ba5571fbfed2,informatica_acessorios,31,614,2,600,19,13,20
a14aea6067b93158e956612c50b74cfa,,,,,12900,50,30,30
a1b5a3e2a2233424b6c4ce31f31aa8db,moveis_escritorio,41,1215,1,9675,42,47,33
a2c75a23c2f838881dd4275c0cec519f,fashion_calcados,54,451,5,1650,36,37,16
a3394de35879ea62967d01d3d93b2cc1,moveis_decoracao,57,184,11,2300,36,21,36
a35908642db2ef18437c352a421035ef,ferramentas_jardim,58,2130,4,13300,46,40,46
a379052f2b3b2388e071828bc4eba5fa,beleza_saude,58,1638,1,270,19,20,19
a39dac35775c3a863b0b7b6d72e839ca,utilidades_domesticas,43,254,4,550,16,5,12
a3b994a761e7a3ef4b527ac7f1057e9c,perfumaria,54,954,1,50,16,5,11
a42d9c825894f96fc6ed02610891454d,esporte_lazer,57,1176,1,2200,16,11,11
a48a82499de633cdd782856d69789b62,pet_shop,31,555,1,5575,16,18,16
a4ec3aca85c0421e2cd607dc03162791,utilidades_domesticas,27,570,3,3500,51,8,35
a56b51724402d77b13ba844e67130c4a,construcao_ferramentas_construcao,57,621,1,367,38,21,23
a59fb60fddcc72a9878b7ed5cb69d8e4,audio,48,424,1,200,27,5,20
a5ae8400fc9fcacd4af585a57bbf264a,pet_shop,57,747,2,1150,40,20,30
a5c36ddbcb3dae3f3f2e60c141b6b650,ferramentas_jardim,59,1497,5,1700,33,25,23
a5c9c1711f61d2b63cf996b4928092ed,brinquedos,24,669,1,1050,24,29,23
a5db7a80a8d9c9d49050360fceb6ffd4,papelaria,47,84,1,300,28,16,28
a5e66fadbb9b49dffdbf63675436a332,esporte_lazer,57,2717,2,163,21,12,14
a5ff20b029ac4a8efcb652a53f640ce1,esporte_lazer,39,1659,1,850,16,16,16
a610552157e4317323f1c23e9c51fe26,eletrodomesticos,47,238,1,425,44,14,34
a62e25e09e05e6faf31d90c6ec1aa3d1,relogios_presentes,58,3006,2,1000,53,8,18
a6492cc69376c469ab6f61d8f44de961,eletroportateis,41,1780,2,22600,55,40,40
a6f2ba5bb6d6d36ac92ed1faf4d123f2,beleza_saude,52,1153,1,450,20,15,15
a6f97b352687ce4c26c75e81b5f2773b,fashion_bolsas_e_acessorios,60,849,2,3100,62,20,40
a703f5ade6e4fae527357132230ea778,beleza_saude,57,1271,5,225,45,10,14
a75b732b129c2fe3d8e371dd8333cd00,moveis_cozinha_area_de_servico_jantar_e_jardim,38,731,5,6400,16,2,11
a79e27ad902bfc67386ea63ed1ef7a08,agro_industria_e_comercio,56,93,1,100,16,5,11
a846839e8367f61f140f082e5ffef625,cama_mesa_banho,52,729,1,2220,20,30,30
a84a9be4cdf0d5dbd36103b1e1ebc82f,automotivo,55,766,3,6450,72,22,52
a888ac66042ddd2f1ecb410941c0db49,utilidades_domesticas,58,355,2,2000,25,5,25
a8d32fcfb65fc140cd58623a0d1688bf,automotivo,37,157,1,7850,89,21,26
a90344a21959338905811b0c0248ac4a,papelaria,57,487,2,150,16,6,11
a95db8c4b3cfdf4a5d518e0d738e4374,beleza_saude,59,560,1,258,18,16,14
aa70ae9ee9a798d44ae6e00ce6d82cb1,beleza_saude,60,919,1,150,22,3,15
aa8d88eb4b9cb38894e33fa624c4287f,relogios_presentes,54,335,4,250,16,2,11
ab959a147167f22f3e0c05eb06845771,eletronicos,59,242,1,150,24,9,18
aba86c093ccdbac75b09111d57e50004,moveis_escritorio,41,154,1,2600,40,45,39
abc3432ff825d8e524db1d4eac6d2099,telefonia,54,713,4,150,17,10,13
abcadf3aeced9a5dd2c23cb61ca09a4c,automotivo,56,663,3,577,24,14,13
ac23312b29784c30304f2ec719891690,esporte_lazer,63,436,2,7800,46,36,36
ac2c77058e1e5ec1eda726fe7358ef2f,automotivo,34,92,1,2238,40,15,14
ac3bf6e6f3fc94d003fe0eaa8de7738d,consoles_games,39,129,1,50,16,39,11
ac44def10e24998cdee20a208d691127,cama_mesa_banho,55,1208,1,1175,45,7,35
ac8af924237ed4591dc8d9b8c6a935f0,perfumaria,41,2282,4,6100,30,40,30
aca2eb7d00ea1a7b8ebd4e68314663af,moveis_decoracao,44,903,6,2600,50,10,30
acdf5c2a687407b37b00081300de0bdc,construcao_ferramentas_construcao,43,379,1,200,19,19,19
acffe5d7cd56e6b564cf6841486644ff,beleza_saude,58,356,1,200,19,4,11
ad3cad415b6ec472fcdeff903a4a2567,utilidades_domesticas,51,386,2,2700,44,34,16
ad7c531c2001111873dcfed9d8317439,cool_stuff,33,895,1,1000,42,25,15
adc8132abcc96431b15f204ddeef5c5f,relogios_presentes,56,421,2,467,16,17,13
adc87238dd82fda48a77402f365a9cd6,fashion_bolsas_e_acessorios,38,457,1,200,17,3,12
adf24c4c9e90e7054d07309a04c419d0,moveis_decoracao,56,1110,1,1500,105,4,15
ae16b1d896c15ed60614a0d88c4abf03,pet_shop,33,1698,2,180,19,12,14
ae410a493a61c3073fae7d006ba0cc8d,beleza_saude,49,1023,2,1700,30,3,30
aeb767ca82c5a6cca8bbac33c4e21579,construcao_ferramentas_construcao,31,1505,1,1425,35,13,20
aedeeed7f1b4f0f8be40518d70991770,eletronicos,37,402,1,150,25,7,16
aef8207c2e91f4fcdbc0824737abf358,beleza_saude,41,915,2,1075,26,14,17
af51d485dc5255ba2e18b21b550156e6,malas_acessorios,57,674,1,22350,32,74,53
afe60f026d04f54945ecf4c085eff7f5,informatica_acessorios,56,235,1,633,26,13,12
b0961721fd839e9982420e807758a2a6,ferramentas_jardim,59,341,2,1850,37,22,40
b0fd001716da5648244fe5c374d03df8,pcs,56,1645,4,2400,16,31,39
b10eba910a974df70b8a12d0665cdb9e,cama_mesa_banho,46,246,1,550,51,4,41
b12ba6fb4716c6732dc00c5f84466dc8,utilidades_domesticas,47,343,4,11250,38,28,32
b2083bcfc8768380dd0e31d612e96d08,cama_mesa_banho,53,628,2,1100,16,10,16
b23cca4f37391d03408aed65983bdc40,brinquedos,18,298,1,3865,40,35,35
b249cf5fcf68f70e13515489f0fcb627,ferramentas_jardim,35,325,1,1300,19,33,13
b2572a992f6ea1d1a7eb518d54e64620,moveis_decoracao,26,669,4,3600,26,24,50
b2855c4e42b8a50f359904c6763eeddc,moveis_escritorio,35,2245,1,7625,52,41,69
b28a05b86542471543370c2399f04fd3,automotivo,52,303,1,150,16,8,11
b2a11c072dedfc137aa2393bb4a2c8ea,cool_stuff,53,186,2,650,22,15,22
b38b25d838ae0b8385e8cc68b9017644,beleza_saude,59,1153,4,200,18,3,20
b3d1d218a4ff07119f546a42c6ee7d7b,casa_conforto,55,292,1,5550,45,15,35
b3d4d6113e42b86ceb66060424125828,fashion_bolsas_e_acessorios,31,824,1,100,16,5,16
b532349fe46b38fbc7bb3914c1bdae07,moveis_decoracao,49,829,1,850,20,25,20
b5ac08b2bc73bc36eecc6107b78247d3,perfumaria,36,179,1,400,20,7,15
b5b5a82ce5f1987b7e670f37629be51b,beleza_saude,56,960,1,1000,16,2,11
b62a3631a65d7a467406d6ff547c37ac,perfumaria,60,776,1,700,22,15,17
b770fdfeb3598c315c74c881afdeacd7,automotivo,59,978,3,255,16,12,14
b7c26f18ec50a3fbdb10c7189b8f459d,informatica_acessorios,55,738,6,100,16,3,11
b84ee1832bd494a163f0a8315efde95c,informatica_acessorios,56,944,1,200,20,20,20
b8a0d73b2a06e7910d9864dccdb0cda2,beleza_saude,43,295,1,371,20,16,16
b8b426747049f2d3d6e00b486d47dedb,beleza_saude,49,819,3,1250,42,11,12
b8dabeb598db5ace52983a669b90238e,utilidades_domesticas,53,541,1,4850,30,30,30
b917d488bd4ad4225f8d046a32e2d122,pet_shop,63,687,2,200,20,10,20
b931645cdc2d9868f01544e8db63f5ab,ferramentas_jardim,59,398,6,4200,50,28,28
b9454f6cd728a6e0510e3c4ba8c25263,telefonia,59,818,6,300,17,4,12
b99e4f4fa3f421e0ffbd512d9f152dec,eletronicos,52,240,1,1050,22,9,12
b9c742d2c1b06bc064c7aee11440e5ad,telefonia,58,366,3,125,19,4,11
ba17f75fc8d843241e6ebb54c5077fc5,papelaria,59,580,4,725,40,13,40
ba5aeff0d2c2150a200bfffdc8b06ebd,beleza_saude,37,1288,1,850,30,12,16
ba85af910c6f4624929eaf3879d72321,utilidades_domesticas,27,179,6,600,18,4,12
bae8ac5e125a98fe445bc17714104709,malas_acessorios,57,455,3,10700,40,100,16
baf25ed4f8f70238cc87230379471454,beleza_saude,37,475,1,100,25,11,11
bb09e8007aff97a9452967b19430cf53,utilidades_domesticas,57,571,1,2350,25,30,25
bb0d5e6aed6ddf6c6ca1bd5e448bc106,cool_stuff,46,2522,5,900,16,8,13
bb50f2e236e5eea0100680137654686c,beleza_saude,60,2644,6,400,34,4,22
bc45f8d4954ef77dcaad81627640cb2e,moveis_decoracao,56,296,3,1700,100,7,15
bc75ffbc500b02276f9c55aef39014e9,automotivo,41,91,1,30000,50,50,50
bcaccccaa0255d8132172dfe9c10ab2e,eletronicos,33,198,1,150,22,6,16
bce474cc95b6e77657e10939b0b4248c,relogios_presentes,51,638,1,310,16,10,12
bcf28e2680bbdb599383f24b32d8d5f2,bebes,47,728,7,6650,34,50,30
bd7cd34fc6d02e730221b11edc354aae,brinquedos,36,651,2,704,25,22,23
bdb4be6ce2f7f2b5be0a16088028c7fc,utilidades_domesticas,54,851,1,3100,45,28,26
bdd7ae3003cbfd7704d3664e85201ba0,papelaria,51,318,5,4600,60,20,29
be588e939ab09c7ca4d4046266619de5,pet_shop,37,361,2,11750,82,7,72
bee2e070c39f3dd2f6883a17a5f0da45,informatica_acessorios,53,871,4,175,20,20,20
bfd4d65a528678737bcb523e5a3c5f58,ferramentas_jardim,44,586,4,2500,22,14,22
c10426af8413edc42015b10a76b43651,perfumaria,50,551,2,2200,35,5,27
c10524227a6e64172e6eddcc91279aab,esporte_lazer,52,314,1,6050,60,10,60
c19d5ba108c34b8255cf9a524da92bc4,informatica_acessorios,40,413,5,150,16,16,20
c20e9c8a7361bfa0d6530ab73075921b,beleza_saude,49,1216,1,1600,20,20,20
c211ff3068fcd2f8898192976d8b3a32,cama_mesa_banho,58,58,1,200,20,2,15
c21afe62d4629a660593fd9b5e6223bb,telefonia,40,361,3,150,18,3,16
c2a9f8aeb7a51580fccc2d1c4f8bceaf,bebes,59,864,1,3350,36,30,19
c2cc0ecc5738d02d916da7e23d80286c,ferramentas_jardim,36,1010,1,650,16,30,20
c3097e07a0a5de0d4b4c836d90c5a284,eletronicos,43,425,1,200,22,11,16
c31e1b9e61e5cdcc727c10d01581d2bb,market_place,18,1315,4,500,20,8,14
c32b1155b886162db8e1ec114699a799,cama_mesa_banho,53,381,1,825,25,18,40
c388dd6e3dccf434053adacfc3b5108d,moveis_quarto,49,740,2,30000,90,46,46
c3f6113d5b61bc95468432072b27e23d,informatica_acessorios,64,676,1,300,36,9,11
c403e106353e1aa40efe783ecb39ed7a,cama_mesa_banho,30,169,1,550,40,5,30
c4baedd846ed09b85f78a781b522f126,ferramentas_jardim,58,1893,1,5950,20,20,20
c4fc1d4489f664ce1c6c55b7089738b2,fashion_bolsas_e_acessorios,59,409,3,150,16,9,20
c55c23548ed13b6e14bb2e516180f83c,bebes,48,471,2,250,70,5,35
c5944369a5cc96d600713f640e46ab5e,relogios_presentes,19,699,3,350,18,10,15
c5a00e7e34e45fe4c79a38d102248b48,bebes,38,820,3,275,16,11,11
c62bc42d383a40b285eee3f95240c817,cama_mesa_banho,56,2536,2,1800,43,8,33
c65f71634a9d0de5b4a1d7dbb6d3ae01,utilidades_domesticas,42,588,3,500,35,15,20
c72edc98e7d77f0c4c04ec80730c05f5,esporte_lazer,18,370,1,700,26,14,24
c770c3d5ab511e88a96d387bdb0b6ce0,utilidades_domesticas,12,210,2,1100,48,24,23
c7b3b8509e06ae21abdd78b541215cda,perfumaria,51,504,2,317,19,15,17
c7dc39bcc7f9bf8a9b253b8727a0cde5,consoles_games,40,658,4,150,26,5,24
c7fd13b5e515bffdab855d0812842edb,moveis_decoracao,46,490,2,1350,30,20,20
c8181e8e724bc31ef26d58c63f9898f7,automotivo,57,255,1,1200,20,20,20
c8467740c17bad8744006eb0e041f142,pet_shop,51,1621,2,200,20,7,14
c857b96593773e940454e76efa8eabb3,moveis_decoracao,55,133,1,700,35,4,30
c8e7965a98acecf61c4cebbaf5c08c53,utilidades_domesticas,43,1022,1,2450,40,38,16
c940221719c27b554b86f7fc9f8438fc,esporte_lazer,56,495,5,650,50,15,25
c94d19d021d4a8fbae5a45f904aeea90,moveis_sala,34,612,4,9750,27,15,92
c9798643ad1a1a5a02c1bdfbafa78323,ferramentas_jardim,42,359,1,2350,34,12,30
c9c17daba4c29b78df3b2b268528c713,utilidades_domesticas,53,362,1,5250,40,11,23
c9c6fde711572c1ad99ca12728c6af00,telefonia,51,678,2,150,17,8,14
c9e5a053551073d27ded320bd05971b4,pet_shop,53,287,1,450,16,16,16
c9ea06f7fd4bd778e96031f46f60dfb9,brinquedos,56,670,1,840,33,13,26
ca80683f1a9622d90278db41328f8d3c,brinquedos,25,168,1,50,16,5,16
caa41bf17e27022341da028e79152c4c,beleza_saude,60,365,1,180,16,13,11
cac9e5692471a0700418aa3400b9b2b1,bebes,57,2440,1,375,29,14,20
cb61986817d2a774d7c902dbbce84342,beleza_saude,31,362,1,500,19,12,14
cb92637d91f8267856d2143b6fc7bd9e,esporte_lazer,49,1806,4,250,22,14,11
cc77b8a29a57a3506f7fd74c1117dec1,perfumaria,43,353,1,100,16,7,12
ccd07b6f4549c05a7e7c2ede0569fe49,beleza_saude,44,154,1,642,18,13,15
cd46a885543f0e169a49f1eb25c04e43,informatica_acessorios,58,1390,2,3475,54,13,48
cda960fc8a8987dd224a17dddfffdaa5,cama_mesa_banho,52,1059,1,700,16,20,16
cdc4af478fef19f03f1d0353c00271cd,relogios_presentes,52,364,1,250,40,10,25
cdd63834cc3da0f9225cc20f494dc137,,,,,700,25,5,19
ceb9200bc33732558224476d75815c32,utilidades_domesticas,60,922,5,975,41,36,12
cedc314dea647b3337f14e20c6fe1234,cool_stuff,35,1212,2,600,25,8,22
ceed0fb0175fb7e8f7877bb781deafb6,perfumaria,45,664,1,250,25,16,16
cf96309600a89c51987b4786465f1be3,fashion_bolsas_e_acessorios,56,39,1,200,16,2,11
d017a2151d543a9885604dc62a3d9dcc,fashion_bolsas_e_acessorios,59,93,7,250,16,2,11
d03e27d4f155991fbefbd25b974b543a,automotivo,51,651,5,5750,64,5,39
d04857e7b4b708ee8b8b9921163edba3,informatica_acessorios,33,1127,2,450,16,4,20
d1c427060a0f73f6b889a5c7c61f2ac4,informatica_acessorios,59,1893,1,6550,20,20,20
d1e422d44f28b10c3899b6f494142de0,utilidades_domesticas,56,453,6,350,30,11,20
d285360f29ac7fd97640bf0baef03de0,relogios_presentes,46,501,4,363,18,13,13
d33a74e1b6cfc152b6b3f43324d54987,informatica_acessorios,56,366,1,350,27,4,34
d3a82491c369d2be35eccefe6ae8306e,relogios_presentes,39,2101,4,300,20,15,20
d3e1006ba3735c0d44160026b6e0ced3,automotivo,53,2805,3,1850,19,16,17
d41a23bd2bc3ec10cfffc66c0611a290,moveis_decoracao,56,297,2,1000,100,5,20
d41dc2f2979f52d75d78714b378d4068,consoles_games,44,228,1,450,30,7,25
d44044e34c071272f708ec2e6fa3ddfe,automotivo,47,376,2,1100,45,16,20
d465fef4e52e46bc9e04996b37789bbd,ferramentas_jardim,57,723,5,880,22,21,19
d487634085fb3d1a632265c1e3de08c1,ferramentas_jardim,27,271,2,600,22,4,13
d537e54e990d95194a5733e79f1af1aa,esporte_lazer,51,2047,1,50,20,20,20
d593482d0fde39297f9253274b4903d9,esporte_lazer,38,1731,1,350,20,15,17
d5991653e037ccb7af6ed7d94246b249,informatica_acessorios,42,363,1,922,30,15,17
d5b4966c1008fe4450d7f00503c75026,esporte_lazer,52,351,3,550,35,14,23
d5b703c271f43f9c588a6f512a00f77e,brinquedos,27,531,4,150,16,7,20
d5d74b90b07cc3536b8eade784014438,brinquedos,44,582,1,1350,45,20,18
d6160fb7873f184099d9bc95e30376af,pcs,55,3632,4,2600,16,31,39
d6c69817b519edddbf1b289631b7160e,perfumaria,38,1813,3,4800,27,20,35
d7238572bdd6dc8facf58ab8f0e3cd29,telefonia,36,343,1,150,18,4,11
d7390b274771229d1ee9a0fe3734d19a,utilidades_domesticas,52,770,3,1417,36,13,37
d7a42ef000dc154cf36fc531bab116c4,cool_stuff,52,862,1,102,16,12,14
d86a6c48f83b045cbba6df84926a1f25,brinquedos,58,1150,2,3900,45,33,26
d8c0c707d3724304033f593878cbf1e6,perfumaria,32,140,1,200,22,10,19
d8f254be723da6488610b42935533b05,relogios_presentes,57,239,4,300,16,2,20
d95767fa0df02e36e44e71e86a07af1b,esporte_lazer,52,778,1,300,20,30,30
d9d2b0bf83edf2fe776c707efe5d0b41,cama_mesa_banho,54,198,1,3200,35,20,30
da16d51397a128691eb2fec79f2daaf0,beleza_saude,48,534,1,2000,30,12,16
da1c125a132133be2843076977091223,livros_interesse_geral,33,1252,1,1400,17,25,11
db5efde3ad0cc579b130d71c4b2db522,audio,40,232,1,6663,17,11,13
db858d1d14f31fbf7f38036ac7a3fcf4,telefonia,51,1157,2,575,20,20,20
dbb01ba8d5a0e82f2ceb81a7fb03620d,telefonia,59,734,3,100,17,4,12
dbb4ce89c8ed5fb6fd901e2e51093179,utilidades_domesticas,34,545,3,2200,48,25,25
dbfc3878e8b8a96816236363e132e6e3,telefonia,42,315,1,100,19,3,11
dc0fe1906bacc99199eb46fce442e1de,esporte_lazer,16,347,1,2200,100,7,11
dc404a1496a08f9f5540c8b5d4b92925,brinquedos,46,753,2,1582,31,31,35
dc881ef926ca402063ea142afc83874c,cool_stuff,51,863,4,2100,23,40,16
dca18a6e2fb6da75092ed874094ed7b6,telefonia,62,340,1,300,13,8,10
dcd7a14115098925c83dd54daab99cbd,papelaria,43,131,2,200,22,9,15
dd0dcee76f9c12fff4bc0eb641d57c7f,eletronicos,44,431,1,250,25,7,14
ddc46156c31a0339508eecfab975f4f6,consoles_games,45,181,1,500,30,7,25
ddc50b859563aa0b3d663559f3696690,moveis_escritorio,30,1343,1,11113,58,55,24
dddcb6a32cedda766f9011556aa4eebd,ferramentas_jardim,34,257,1,130,16,11,16
de01db017586d557505e72625f9f49d4,cama_mesa_banho,58,696,1,2600,42,11,36
de17feec1983829fec4bc58cadaa43f3,utilidades_domesticas,30,203,2,1100,32,14,32
de3460da13c27adbaa8efcf1bb83cd62,eletrodomesticos,56,215,1,250,27,13,17
de81ca6ee18fb1d754027b7ae28f6003,informatica_acessorios,44,714,1,400,26,14,12
de916cab431520b8d1980c24bf4dd473,brinquedos,52,20,1,2950,25,30,20
de984954e2e130136bcf8988bc973d90,instrumentos_musicais,40,234,1,1000,56,9,22
dec0886d6479d5bdb56d856c501e01c2,malas_acessorios,60,295,2,875,16,46,38
deff29051b7f3eb939ef8bf8ca0e85a2,beleza_saude,50,493,1,300,16,3,11
e03102efbc2229024c89be731f0aedcb,papelaria,57,366,4,750,101,15,15
e0345b1670b53fb0e3ffda000b7e3231,musica,58,799,4,200,30,8,20
e0b3d910304c5bfc94fc7fac4b6b4540,informatica_acessorios,47,517,3,950,38,12,28
e0d64dcfaa3b6db5c54ca298ae101d05,relogios_presentes,35,514,2,4338,17,12,14
e0e2e29a516b06947e388d20aa7bf7a6,cama_mesa_banho,58,1139,3,3700,40,15,40
e0f33a3329af6716a0bb47fd7a664439,,,,,200,16,13,14
e1588225be877a34df36d7665d1d0173,automotivo,57,431,4,150,16,19,15
e19ddcc85537b41f22116c8d5425ef46,moveis_decoracao,48,519,3,700,26,8,22
e1da6ab77f4859eb17950e5df1c0f815,pet_shop,56,724,2,7050,50,21,21
e1e932dfb67414e80b87ad97688cf2a3,brinquedos,45,404,5,3850,52,7,55
e24f73b7631ee3fbb2ab700a9acaa258,fashion_bolsas_e_acessorios,60,1118,6,2250,22,15,20
e2600770da5cfd446d3e971c1d41b44c,informatica_acessorios,42,149,1,300,50,5,20
e2765be8c962369ccda8f9880e6c3b6b,cama_mesa_banho,58,850,1,1000,40,10,30
e2bb00220a167d9e60b6776ac33717bc,relogios_presentes,60,504,1,300,16,2,20
e3d17cced20767fb24db3fb6a6a67b2d,moveis_decoracao,54,468,5,800,22,9,16
e3d56b75987accb32f776ba6c710913e,moveis_decoracao,24,268,1,1050,22,22,24
e435ceb7ced9b8446defd858630454ed,beleza_saude,28,792,1,440,20,11,17
e482ad963bfb9a9abc51b9850aca97b7,utilidades_domesticas,45,293,1,250,19,8,11
e4bd268c80d127fbf8757171e8d2b6b9,bebes,39,1590,1,700,50,30,40
e4f30409b508bbb61cb506251e9cc685,papelaria,43,225,2,200,23,7,15
e51136ef1d291cf07cc8a792b4a16f94,esporte_lazer,60,189,3,3100,41,11,30
e53e557d5a159f5aa2c5e995dfdf244b,informatica_acessorios,33,256,1,180,17,10,13
e5433d154f98bcb2c139b9679fce0814,perfumaria,21,476,2,250,22,5,15
e5cac955339b48ea3b9773f034623e29,relogios_presentes,53,1271,1,282,17,11,14
e5da60b217874889dd4becf29412d793,telefonia,53,428,1,100,19,3,11
e5ea77a1575b40961598bca64f081976,cama_mesa_banho,54,187,3,1500,45,15,35
e5fe79a5ccd19d20b3b095bf73cf9b5d,perfumaria,37,742,1,258,23,15,18
e64e4ef7b809314306d9c09635d8cd30,pet_shop,59,1453,1,600,20,20,20
e6e3b7c71e3a84b79b0dc5300587fd6a,papelaria,54,357,3,900,25,6,25
e7a1555b071186b8184e2fe0e647181a,utilidades_domesticas,43,475,1,600,25,8,15
e7bbc0d43d1f5cb09bab95b664236633,informatica_acessorios,38,716,3,833,19,12,17
e7cc48a9daff5436f63d3aad9426f28b,telefonia,58,1500,4,700,32,15,21
e7ef7e0bc312196681f8304cf7ddd92e,automotivo,37,269,3,6700,70,25,22
e83ded7d97b96d338c4e72bb1ff7676c,ferramentas_jardim,52,497,1,1900,44,19,19
e84997d75938765ef99930f908ceedf4,papelaria,52,431,1,1900,49,12,36
e870001ffe8a98a3318c48957bd271ca,automotivo,58,1658,3,200,25,7,12
e8750c9a319a8eddd30f0abc4646bd75,cama_mesa_banho,57,563,1,600,16,10,16
e91b0c7b4d9cd642c111a68c8a337ebc,cama_mesa_banho,53,111,1,1850,35,15,25
e940125d0a3c309f58f41cd21e39af06,eletronicos,55,287,3,10550,30,105,20
e9d5d95031539a8b32c057e158db4977,brinquedos,39,759,4,389,27,33,28
e9def91e99c8ecb7c5cef5e31506a056,brinquedos,34,867,2,500,19,11,20
ea45888166c303ff6ffc0abfcb52822f,instrumentos_musicais,60,1169,2,18950,16,26,28
eac894f4cb6bb0f613f80bdbfb18fa57,brinquedos,52,766,1,1091,20,29,24
eace264775d7cb8c0ec565d7746f661c,cama_mesa_banho,49,773,1,400,20,10,20
eb66cf8eb505819c951a23b4714fcd39,relogios_presentes,54,554,1,100,20,7,15
eb6c2ecde53034fc9ec47741b3232c9d,moveis_decoracao,49,829,1,500,20,35,20
ec2d43cc59763ec91694573b31f1c29a,cama_mesa_banho,38,735,5,800,20,20,20
ec3a3abf1c577856f4dafa59c126dccd,moveis_decoracao,51,1941,4,2400,105,3,70
ec529a51d3a0832578dc8ca51574d2bd,moveis_decoracao,53,682,1,250,32,2,22
ec5b3c8bb77ad22278f6e9d719a83de3,casa_conforto_2,46,348,1,700,65,18,28
ed00a8453145186b3f071f1e3edef33d,construcao_ferramentas_construcao,57,352,1,225,16,3,13
ed996a90597b8541c387ce93622ac44c,automotivo,59,833,3,50,24,2,17
ee2a93be95200d2260dff46097db56a2,esporte_lazer,30,386,1,1000,16,16,16
ee3cfb33869693f2a7e8417c795d8cfc,perfumaria,46,368,1,350,20,10,11
ee406bf28024d97771c4b1e8b7e8e219,cool_stuff,54,629,1,1050,36,24,22
ee649ca4e5cd395d0b2ad35f3f6b7d4b,cool_stuff,59,1657,4,942,29,26,13
ee6c49af1a2de55aa0e076257ab4ab99,informatica_acessorios,47,956,1,140,22,14,14
ee6e15447094b902e95fa175c5695cee,brinquedos,55,467,1,300,16,6,11
eebcc3eb19bc7e1f39fbc982e864f919,esporte_lazer,57,419,1,2500,27,12,22
eef7436637ac87cad6bf5108284c3413,relogios_presentes,49,580,1,342,18,12,16
ef3736bfe2ee33f00649ddfc8e535f10,automotivo,59,695,6,6050,47,19,23
efafd20c0dfb7a4c591ec374a6befdcd,cama_mesa_banho,26,134,2,950,40,4,30
efe89e1f6cc1e32f1971afcd4d56a4b7,beleza_saude,38,2211,1,4000,24,24,16
f03859e4cc21018569f5ae7a03897ff4,consoles_games,47,458,2,150,18,2,16
f0f719ace174d68fdc838d8d6c4ce26e,esporte_lazer,37,2378,1,1700,31,24,24
f1a7551730e920950fb0346630971099,esporte_lazer,63,1200,4,1800,70,12,17
f1fe595ee7ef768b41bd9b246d13432d,ferramentas_jardim,52,1292,7,1900,17,13,31
f2399cabe080029634d12cec4f60dbf0,moveis_escritorio,50,1117,6,2100,16,26,26
f2d80346f1dd6986e9e6611db7b708aa,bebes,52,446,1,50,16,2,11
f2e53dd1670f3c376518263b3f71424d,cama_mesa_banho,53,236,2,1975,41,13,31
f303e2cdf0967ef1a153d12f2685d280,cama_mesa_banho,58,262,1,1400,25,10,25
f35927953ed82e19d06ad3aac2f06353,livros_interesse_geral,39,724,1,450,20,20,20
f3e5c2a78b72fdc48a7c2559ff7dbbd5,bebidas,32,542,1,1600,25,25,25
f40136f242faf929007cdb238c302208,eletronicos,40,400,1,150,25,7,16
f40876e0ef3cd5f9132b1f16b04b1346,beleza_saude,42,250,1,427,15,17,14
f422d0d9f8b5f7c27289382b14b61248,brinquedos,63,361,3,1800,38,12,35
f497ba62f1d6b4f6a3a3266fa8623ad3,beleza_saude,45,1276,1,83,13,8,12
f49e985b4cb2d0543890d6dd00077663,portateis_casa_forno_e_cafe,55,1345,8,9050,45,33,35
f4f4debbcfcafe6858d1e37a1f6e436e,moveis_escritorio,33,1190,1,13867,101,8,57
f522bb1400b17373f48c625ccdcb3a13,ferramentas_jardim,43,396,1,11600,37,26,20
f528f03aa56d5cd1ed6b807599adcd9c,utilidades_domesticas,60,674,2,850,42,11,22
f5b11b51f8a211b6f304a2e351325384,telefonia,42,363,2,50,19,3,11
f5b952758d88a5995ae5c8208a63b913,utilidades_domesticas,30,235,1,3750,45,25,20
f5badee8a0e679f057ec0ca4f0f32dcb,construcao_ferramentas_construcao,59,427,8,450,20,10,15
f61f6e53f9c6d150e5e48919a25272d1,moveis_decoracao,59,2063,3,2800,69,11,11
f649a2fc406930962c1cd7b147497a79,ferramentas_jardim,50,905,4,400,35,10,26
f699b297070aa38aaf3de9639302506a,esporte_lazer,55,3830,1,1250,31,32,31
f6ce2f79a280fa3c1ddc114d34ab273d,eletroportateis,52,1074,1,1150,16,16,16
f6e0b7ccc34e4decc1b855f8da06a5fc,brinquedos,59,257,3,900,30,4,20
f71973c922ccaab05514a36a8bc741b8,malas_acessorios,47,482,2,16100,35,65,44
f71a7c95a86564873cd996896b2976f6,informatica_acessorios,60,1201,5,900,28,29,12
f731f8587d4088c174397e010cf892a9,perfumaria,47,963,1,375,21,11,17
f7a17d2c51d9df89a4f1711c4ac17f33,utilidades_domesticas,56,1245,5,350,22,8,19
f7f7a305e9312614a635f453cf6be7a8,beleza_saude,53,1687,4,1400,16,35,11
f819f0c84a64f02d3a5606ca95edd272,relogios_presentes,59,452,1,710,19,13,14
f911903162e5c7cfa48e5b803068b091,construcao_ferramentas_construcao,56,290,2,400,20,5,20
f93abb853eee25cbbce73bbc1c10667d,relogios_presentes,55,807,4,300,16,2,11
f9c972fb058194f8e948a46e6c611ee1,beleza_saude,31,3751,1,1225,26,20,23
fa23bf270fb9880690b07d09b9f9ff20,esporte_lazer,60,475,4,800,50,15,25
fa39c60599eb6573020f07a1b4dd38cf,utilidades_domesticas,52,806,1,1183,38,18,26
fa4e8255202fd921350a6fc716710dae,informatica_acessorios,51,2025,2,350,20,5,20
fa7e460c8ef762c029b4042723e481c7,brinquedos,58,202,4,150,16,7,11
fb949f35bd1873f846cb7246d9db81b0,moveis_decoracao,57,258,4,600,18,14,15
fbc1488c1a1e72ba175f53ab29a248e8,perfumaria,27,311,1,560,19,13,17
fc276546b539ea9ad62827c2a5e2ae42,moveis_decoracao,47,504,1,550,25,25,25
fc8595227785863846b7daa2ae3f2c9b,beleza_saude,60,886,1,400,20,12,12
fca62108387e25005784da2f551466a1,moveis_decoracao,42,87,3,14600,84,8,84
fcbb2b8c6eb8c27d15790d9834b253b4,bebes,55,1988,2,350,69,11,11
fcdebbb6946ae0ff528fe189ad53de46,fashion_bolsas_e_acessorios,58,712,4,700,45,8,45
fd220f6fd5a3f13ef9db07428f9c935d,bebes,51,1438,6,280,17,6,11
fde0eff565370716f3400d2bdf4e148a,cama_mesa_banho,58,124,2,6350,95,8,50
fde90f06296b26995fd0de6f16610d70,construcao_ferramentas_jardim,45,225,1,1650,22,14,14
fe5827d110a9ba59d4ab407e86ccd6eb,construcao_ferramentas_jardim,40,275,1,150,16,4,20
fecf6223a3494f35362f670e571d2a04,esporte_lazer,49,403,2,800,42,36,25
ffa0824a2b01e5ce24d6883413b72f14,eletroportateis,57,109,1,500,26,25,35
ffa4027b0effa4df0d5f5a9ce2788b6d,cool_stuff,60,551,4,2100,34,39,51
ffae6024df16802ba75f761d9aa24367,telefonia,52,845,2,150,27,5,20
ffc9caf33e2d1e9f44e3e06da19085f7,beleza_saude,22,279,1,2134,25,22,16
ffd2365fb8224dc66883df9351d65deb,relogios_presentes,60,630,2,333,16,12,13
ffef256879dbadcab7e77950f4f4a195,artigos_de_natal,33,343,1,450,16,15,11
fffdb2d0ec8d6a61f0a0a0db3f25b441,informatica_acessorios,47,501,5,150,16,4,13
